source_recipe_id,recipe_name,v22_5_candidate_rows,v22_13_calc_rows,v22_13_relationship_rows,v22_13_extra_noncalc_relationship_rows,v22_5_variant_count,v22_13_variant_blocks,compatibility_status,semantic_label_review_ids,explicit_label_conflict_example,row_level_v22_13_relationship_equivalence_proven
USSR82-55,Салат из свежих огурцов,2,2,2,0,1,1,CALC_ROWS_MATCH_RELATIONSHIP_ROWS_MATCH,,,YES
USSR82-58,Салат из свежих помидоров,3,3,3,0,1,1,CALC_ROWS_MATCH_RELATIONSHIP_ROWS_MATCH,,,YES
USSR82-59,Салат из свежих помидоров и огурцов,4,4,4,0,1,1,CALC_ROWS_MATCH_RELATIONSHIP_ROWS_MATCH,,,YES
USSR82-71,Салат картофельный,3,3,3,0,1,1,CALC_ROWS_MATCH_RELATIONSHIP_ROWS_MATCH,,,YES
USSR82-95,"Салат из моркови или моркови с яблоками, финиками или черносливом",4,4,4,0,1,1,CALC_ROWS_MATCH_RELATIONSHIP_ROWS_MATCH,ING-0035 | ING-0042 | ING-0046,,NO
USSR82-101,Салат столичный,6,6,6,0,1,1,CALC_ROWS_MATCH_RELATIONSHIP_ROWS_MATCH,ING-0025 | ING-0038,,NO
USSR82-184,Фрикадельки мясные,9,9,12,3,3,3,CALC_ROWS_MATCH_V22_13_HAS_ADDITIONAL_NONCALC_RELATIONSHIPS,,,NO
USSR82-208,Рассольник ленинградский,6,6,6,0,1,1,CALC_ROWS_MATCH_RELATIONSHIP_ROWS_MATCH,ING-0030 | ING-0035,,NO
USSR82-258,Суп молочный с макаронными изделиями,15,15,15,0,3,3,CALC_ROWS_MATCH_RELATIONSHIP_ROWS_MATCH,ING-0029 | ING-0032 | ING-0034 | ING-0042,,NO
USSR82-259,Суп молочный с крупой,36,36,36,0,3,3,CALC_ROWS_MATCH_RELATIONSHIP_ROWS_MATCH,ING-0020 | ING-0032 | ING-0034 | ING-0042,,NO
USSR82-260,Суп молочный с тыквой и крупой,20,20,20,0,3,3,CALC_ROWS_MATCH_RELATIONSHIP_ROWS_MATCH,ING-0032 | ING-0034 | ING-0042,,NO
USSR82-261,Суп молочный с овощами,24,24,24,0,3,3,CALC_ROWS_MATCH_RELATIONSHIP_ROWS_MATCH,ING-0032 | ING-0034 | ING-0035,,NO
USSR82-263,Суп молочный с картофельными клецками,6,6,8,2,1,1,CALC_ROWS_MATCH_V22_13_HAS_ADDITIONAL_NONCALC_RELATIONSHIPS,ING-0032 | ING-0034,,NO
USSR82-264,Суп молочный с горохом и перловой крупой,10,10,14,4,2,2,CALC_ROWS_MATCH_V22_13_HAS_ADDITIONAL_NONCALC_RELATIONSHIPS,ING-0032 | ING-0034,,NO
USSR82-265,Пиена зупа ар спеки (суп молочный с копченостями),6,6,6,0,1,1,CALC_ROWS_MATCH_RELATIONSHIP_ROWS_MATCH,ING-0034 | ING-0035,,NO
USSR82-282,"Рис, запеченный с овощами",18,18,20,2,2,2,CALC_ROWS_MATCH_V22_13_HAS_ADDITIONAL_NONCALC_RELATIONSHIPS,ING-0032 | ING-0035 | ING-0055,,NO
USSR82-283,Овощи,20,20,20,0,3,3,CALC_ROWS_MATCH_RELATIONSHIP_ROWS_MATCH,ING-0032 | ING-0035,,NO
USSR82-284,Овощи и зелень,28,28,28,0,3,3,CALC_ROWS_MATCH_RELATIONSHIP_ROWS_MATCH,ING-0035,,NO
USSR82-286,Капуста цветная или брюссельская,3,3,3,0,1,1,CALC_ROWS_MATCH_RELATIONSHIP_ROWS_MATCH,,,YES
USSR82-287,Капуста савойская и овощи,16,16,16,0,2,2,CALC_ROWS_MATCH_RELATIONSHIP_ROWS_MATCH,ING-0035,,NO
USSR82-288,Омлет натуральный,8,8,10,2,2,2,CALC_ROWS_MATCH_V22_13_HAS_ADDITIONAL_NONCALC_RELATIONSHIPS,ING-0032 | ING-0034,,NO
USSR82-296,Уха рыбацкая,27,27,33,6,3,3,CALC_ROWS_MATCH_V22_13_HAS_ADDITIONAL_NONCALC_RELATIONSHIPS,ING-0032,,NO
USSR82-312,Ботвинья,28,28,28,0,3,3,CALC_ROWS_MATCH_RELATIONSHIP_ROWS_MATCH,ING-0042,,NO
USSR82-314,Суп из плодов свежих,46,46,46,0,9,9,CALC_ROWS_MATCH_RELATIONSHIP_ROWS_MATCH,ING-0042,,NO
USSR82-317,Суп из плодов или ягод сушеных,87,87,87,0,17,17,CALC_ROWS_MATCH_RELATIONSHIP_ROWS_MATCH,ING-0042,,NO
USSR82-318,"Суп из ревеня, кураги и яблок",6,6,6,0,1,1,CALC_ROWS_MATCH_RELATIONSHIP_ROWS_MATCH,ING-0042,,NO
USSR82-319,Суп-пюре из плодов или ягод свежих,123,123,123,0,30,30,CALC_ROWS_MATCH_RELATIONSHIP_ROWS_MATCH,ING-0042,,NO
USSR82-320,Суп-пюре из плодов сушеных,6,6,6,0,1,1,CALC_ROWS_MATCH_RELATIONSHIP_ROWS_MATCH,ING-0042,,NO
USSR82-322,Суп с пивом (сладкий),5,5,6,1,1,1,CALC_ROWS_MATCH_V22_13_HAS_ADDITIONAL_NONCALC_RELATIONSHIPS,ING-0034 | ING-0042 | ING-0063,,NO
USSR82-323,Картофель отварной,2,2,2,0,1,1,CALC_ROWS_MATCH_RELATIONSHIP_ROWS_MATCH,ING-0032,,NO
USSR82-324,"Картофель отварной с луком или грибами, или луком и грибами",25,25,33,8,9,9,CALC_ROWS_MATCH_V22_13_HAS_ADDITIONAL_NONCALC_RELATIONSHIPS,ING-0030 | ING-0032,,NO
USSR82-325,Картофель в молоке,9,9,9,0,3,3,CALC_ROWS_MATCH_RELATIONSHIP_ROWS_MATCH,ING-0032 | ING-0034,,NO
USSR82-326,Картофельное пюре,3,3,3,0,1,1,CALC_ROWS_MATCH_RELATIONSHIP_ROWS_MATCH,ING-0032 | ING-0034,,NO
USSR82-328,Тыква отварная,6,6,8,2,2,2,CALC_ROWS_MATCH_V22_13_HAS_ADDITIONAL_NONCALC_RELATIONSHIPS,ING-0032 | ING-0053,,NO
USSR82-340,Каша из тыквы,18,18,21,3,3,3,CALC_ROWS_MATCH_V22_13_HAS_ADDITIONAL_NONCALC_RELATIONSHIPS,ING-0030 | ING-0032 | ING-0042,,NO
USSR82-346,"Морковь, тушенная с рисом и черносливом",16,16,19,3,3,3,CALC_ROWS_MATCH_V22_13_HAS_ADDITIONAL_NONCALC_RELATIONSHIPS,ING-0030 | ING-0035 | ING-0042,,NO
USSR82-351,"Картофель, тушенный с сухофруктами",7,7,7,0,1,1,CALC_ROWS_MATCH_RELATIONSHIP_ROWS_MATCH,ING-0030 | ING-0036 | ING-0042,,NO
USSR82-355,"Картофель, жаренный во фритюре брусочками",10,10,13,3,3,3,CALC_ROWS_MATCH_V22_13_HAS_ADDITIONAL_NONCALC_RELATIONSHIPS,ING-0030 | ING-0032,,NO
USSR82-361,Котлеты морковные,7,7,7,0,1,1,CALC_ROWS_MATCH_RELATIONSHIP_ROWS_MATCH,ING-0030 | ING-0032 | ING-0035 | ING-0053,,NO
USSR82-364,Шницель из капусты,6,6,6,0,1,1,CALC_ROWS_MATCH_RELATIONSHIP_ROWS_MATCH,ING-0032 | ING-0036 | ING-0053,,NO
USSR82-365,Капуста жареная,20,20,23,3,3,3,CALC_ROWS_MATCH_V22_13_HAS_ADDITIONAL_NONCALC_RELATIONSHIPS,ING-0030 | ING-0032 | ING-0053,,NO
USSR82-374,"Картофель, запеченный с яйцом и помидорами",25,25,38,13,3,3,CALC_ROWS_MATCH_V22_13_HAS_ADDITIONAL_NONCALC_RELATIONSHIPS,ING-0030,,NO
USSR82-380,Рулет или запеканка картофельные с овощами или овощами и грибами,7,7,7,0,1,1,CALC_ROWS_MATCH_RELATIONSHIP_ROWS_MATCH,ING-0030 | ING-0046 | ING-0053,,NO
USSR82-412,Каша вязкая с тыквой,28,28,28,0,4,4,CALC_ROWS_MATCH_RELATIONSHIP_ROWS_MATCH,ING-0030 | ING-0032 | ING-0034 | ING-0042,,NO
USSR82-413,Каша вязкая с черносливом,42,42,42,0,6,6,CALC_ROWS_MATCH_RELATIONSHIP_ROWS_MATCH,ING-0030 | ING-0032 | ING-0042 | ING-0064,,NO
USSR82-414,Каша вязкая с морковью,20,20,20,0,2,2,CALC_ROWS_MATCH_RELATIONSHIP_ROWS_MATCH,ING-0030 | ING-0032 | ING-0034 | ING-0035 | ING-0042,,NO
USSR82-418,Крупеник,8,8,8,0,1,1,CALC_ROWS_MATCH_RELATIONSHIP_ROWS_MATCH,ING-0020 | ING-0030 | ING-0032 | ING-0042 | ING-0053 | ING-0056,,NO
USSR82-442,Макаронные изделия отварные,1,1,1,0,1,1,CALC_ROWS_MATCH_RELATIONSHIP_ROWS_MATCH,ING-0029,,NO
USSR82-451,Макаронник,17,17,21,4,2,2,CALC_ROWS_MATCH_V22_13_HAS_ADDITIONAL_NONCALC_RELATIONSHIPS,ING-0029 | ING-0030 | ING-0032 | ING-0034 | ING-0042 | ING-0053,,NO
USSR82-453,Яйца вареные,1,1,1,0,1,1,CALC_ROWS_MATCH_RELATIONSHIP_ROWS_MATCH,,,YES
USSR82-459,Яичница глазунья (натуральная),9,9,9,0,3,3,CALC_ROWS_MATCH_RELATIONSHIP_ROWS_MATCH,ING-0030 | ING-0032,,NO
USSR82-460,Яичница глазунья со шпиком,6,6,7,1,3,3,CALC_ROWS_MATCH_V22_13_HAS_ADDITIONAL_NONCALC_RELATIONSHIPS,ING-0069,"ING-0069:v22.5=Шпик,v22.13=Жир кулинарный",NO
USSR82-461,Яичница глазунья с луком,14,14,16,2,4,4,CALC_ROWS_MATCH_V22_13_HAS_ADDITIONAL_NONCALC_RELATIONSHIPS,ING-0030,,NO
USSR82-462,Яичница глазунья с жареным картофелем,6,6,8,2,2,2,CALC_ROWS_MATCH_V22_13_HAS_ADDITIONAL_NONCALC_RELATIONSHIPS,ING-0030,,NO
USSR82-463,Яичница глазунья с сыром,6,6,6,0,2,2,CALC_ROWS_MATCH_RELATIONSHIP_ROWS_MATCH,ING-0030 | ING-0055,,NO
USSR82-464,Яичница глазунья с черным хлебом,6,6,6,0,2,2,CALC_ROWS_MATCH_RELATIONSHIP_ROWS_MATCH,ING-0030,,NO
USSR82-467,Омлет (натуральный),4,4,4,0,1,1,CALC_ROWS_MATCH_RELATIONSHIP_ROWS_MATCH,ING-0030 | ING-0032 | ING-0034,,NO
USSR82-468,Омлет из яичного порошка,11,11,13,2,2,2,CALC_ROWS_MATCH_V22_13_HAS_ADDITIONAL_NONCALC_RELATIONSHIPS,ING-0030 | ING-0032 | ING-0034,,NO
USSR82-469,Омлет со шпиком,14,14,14,0,3,3,CALC_ROWS_MATCH_RELATIONSHIP_ROWS_MATCH,ING-0034 | ING-0069 | ING-0083,"ING-0069:v22.5=Шпик,v22.13=Жир кулинарный",NO
USSR82-470,Омлет с луком,17,17,20,3,2,2,CALC_ROWS_MATCH_V22_13_HAS_ADDITIONAL_NONCALC_RELATIONSHIPS,ING-0030 | ING-0032 | ING-0034 | ING-0083,,NO
USSR82-492,Сырники из творога,6,6,6,0,1,1,CALC_ROWS_MATCH_RELATIONSHIP_ROWS_MATCH,ING-0030 | ING-0036 | ING-0042 | ING-0056,,NO
USSR82-499,Запеканка из творога,7,7,7,0,1,1,CALC_ROWS_MATCH_RELATIONSHIP_ROWS_MATCH,ING-0030 | ING-0042 | ING-0053 | ING-0056,,NO
USSR82-658,"Котлеты, биточки, шницели",5,5,5,0,1,1,CALC_ROWS_MATCH_RELATIONSHIP_ROWS_MATCH,ING-0053 | ING-0063,,NO
USSR82-669,Тефтели (2-й вариант),7,7,7,0,1,1,CALC_ROWS_MATCH_RELATIONSHIP_ROWS_MATCH,ING-0036,,NO
USSR82-697,"Птица, дичь или кролик отварные с гарниром",2,2,2,0,1,1,CALC_ROWS_MATCH_RELATIONSHIP_ROWS_MATCH,ING-0025,,NO
USSR82-720,Котлеты по-киевски,5,5,5,0,1,1,CALC_ROWS_MATCH_RELATIONSHIP_ROWS_MATCH,ING-0025 | ING-0032 | ING-0063,,NO
USSR82-732,"Котлеты рубленые из птицы, дичи или кролика с гарниром",6,6,6,0,1,1,CALC_ROWS_MATCH_RELATIONSHIP_ROWS_MATCH,ING-0025 | ING-0030 | ING-0034 | ING-0053 | ING-0063 | ING-0076,,NO
USSR82-1081,Блины,7,7,7,0,1,1,CALC_ROWS_MATCH_RELATIONSHIP_ROWS_MATCH,ING-0030 | ING-0032 | ING-0036 | ING-0042 | ING-0097,,NO
