external_ingredient_id,v22_13_external_name,v22_5_canonical_labels,v22_5_original_labels,external_exactness_tier,map_state,familyfoodos_food_code,mapping_confidence,candidate_recipe_count,candidate_recipe_ids,candidate_row_count,candidate_input_mass_g,simple_candidate_recipe_count,simple_candidate_recipe_ids,semantic_compatibility_status,accepted_identity_mapping_status,current_profile_presence_status,profile_suitability_for_recipe_form,authority_source_candidate,authority_record_candidate,authority_assignment_status,authority_search_strategy,rights_status,production_ready,proposed_dc2_batch
ING-0006,Вода,Вода,Вода,B_REFERENCE,ALIAS_EXISTING,WATER,HIGH,24,USSR82-1081 | USSR82-258 | USSR82-259 | USSR82-260 | USSR82-261 | USSR82-263 | USSR82-264 | USSR82-265 | USSR82-296 | USSR82-314 | USSR82-317 | USSR82-318 | USSR82-319 | USSR82-320 | USSR82-361 | USSR82-412 | USSR82-413 | USSR82-414 | USSR82-451 | USSR82-468 | USSR82-469 | USSR82-470 | USSR82-658 | USSR82-669,99,56707,0,,LABEL_MATCH_OR_COMPATIBLE_TEXT,REUSE_ACCEPTED_MAPPING,PRESENT_IN_REQUIRED_PRODUCTION_SEED,PROFILE_PRESENT_FORM_REVIEW_REQUIRED,USDA_FDC:173647@2018-04:SR Legacy,173647,EXISTING_PROFILE_PROVENANCE_IDENTIFIED_FORM_REVIEW_REQUIRED,,OPEN_REUSE_CURRENT_PROFILE,NO,REUSE_EXISTING_PROFILE_FORM_REVIEW
ING-0009,Говядина котлетная,Говядина котлетная,Говядина (котлетное мясо),C_PROXY,NEW_FOOD_CANDIDATE,,MEDIUM,3,USSR82-184 | USSR82-658 | USSR82-669,3,1215,0,,LABEL_MATCH_OR_COMPATIBLE_TEXT,NO_ACCEPTED_FAMILYFOODOS_IDENTITY_YET,NOT_APPLICABLE_NO_ACCEPTED_FOOD_MAPPING,NOT_APPLICABLE_NO_ACCEPTED_PROFILE,,,BLOCKED_PROXY_IDENTITY_BEFORE_AUTHORITY,RESOLVE_PROXY_IDENTITY_THEN_ASSIGN_AUTHORITY,UNRESOLVED_UNTIL_IDENTITY_REVIEW,NO,DC2-C_IDENTITY_FORM_REVIEW
ING-0011,Горох лущеный,Горох лущеный,Горох лущеный,A_REFERENCE,NEW_FOOD_CANDIDATE,,MEDIUM,1,USSR82-264,2,280,0,,LABEL_MATCH_OR_COMPATIBLE_TEXT,NO_ACCEPTED_FAMILYFOODOS_IDENTITY_YET,NOT_APPLICABLE_NO_ACCEPTED_FOOD_MAPPING,NOT_APPLICABLE_NO_ACCEPTED_PROFILE,FIC_FGBUN_2024_SEARCH_TARGET,,SOURCE_FAMILY_SEARCH_TARGET_EXACT_RECORD_UNVERIFIED,SEARCH_FIC_FGBUN_THEN_PIN_EXACT_RECORD_AND_REVIEW_RIGHTS,BLOCKED_PENDING_RIGHTS_REVIEW,NO,DC2-B_STANDARD_EXTENSION
ING-0012,Горошек зеленый консервированный,Горошек зеленый консервированный,Горошек зеленый консервированный,A_REFERENCE,EXACT_EXISTING,GREEN_PEAS_CANNED,HIGH,3,USSR82-261 | USSR82-282 | USSR82-284,6,220,0,,LABEL_MATCH_OR_COMPATIBLE_TEXT,REUSE_ACCEPTED_MAPPING,PRESENT_IN_REQUIRED_PRODUCTION_SEED,PROFILE_PRESENT_FORM_REVIEW_REQUIRED,USDA_FDC:2644291@2026-04-30:Foundation,2644291,EXISTING_PROFILE_PROVENANCE_IDENTIFIED_FORM_REVIEW_REQUIRED,,OPEN_REUSE_CURRENT_PROFILE,NO,REUSE_EXISTING_PROFILE_FORM_REVIEW
ING-0013,Жир животный топленый,Жир животный топленый,Жир животный топленый,A_REFERENCE,NEW_FOOD_CANDIDATE,,MEDIUM,2,USSR82-658 | USSR82-669,3,11,0,,LABEL_MATCH_OR_COMPATIBLE_TEXT,NO_ACCEPTED_FAMILYFOODOS_IDENTITY_YET,NOT_APPLICABLE_NO_ACCEPTED_FOOD_MAPPING,NOT_APPLICABLE_NO_ACCEPTED_PROFILE,FIC_FGBUN_2024_SEARCH_TARGET,,SOURCE_FAMILY_SEARCH_TARGET_EXACT_RECORD_UNVERIFIED,SEARCH_FIC_FGBUN_THEN_PIN_EXACT_RECORD_AND_REVIEW_RIGHTS,BLOCKED_PENDING_RIGHTS_REVIEW,NO,DC2-B_STANDARD_EXTENSION
ING-0014,Жир кулинарный,Жир кулинарный,Жир для фритюра | Жир кулинарный,A_REFERENCE,NEW_FOOD_CANDIDATE,,MEDIUM,4,USSR82-355 | USSR82-361 | USSR82-364 | USSR82-720,6,131,0,,LABEL_MATCH_OR_COMPATIBLE_TEXT,NO_ACCEPTED_FAMILYFOODOS_IDENTITY_YET,NOT_APPLICABLE_NO_ACCEPTED_FOOD_MAPPING,NOT_APPLICABLE_NO_ACCEPTED_PROFILE,FIC_FGBUN_2024_SEARCH_TARGET,,SOURCE_FAMILY_SEARCH_TARGET_EXACT_RECORD_UNVERIFIED,SEARCH_FIC_FGBUN_THEN_PIN_EXACT_RECORD_AND_REVIEW_RIGHTS,BLOCKED_PENDING_RIGHTS_REVIEW,NO,DC2-A_HIGH_IMPACT
ING-0017,Капуста белокочанная,Капуста белокочанная,Капуста белокочанная | Капуста свежая: 40 г нетто → 30 г готовой,A_REFERENCE,EXACT_EXISTING,CABBAGE_GREEN,HIGH,5,USSR82-261 | USSR82-283 | USSR82-364 | USSR82-365 | USSR82-380,9,1357,0,,LABEL_MATCH_OR_COMPATIBLE_TEXT,REUSE_ACCEPTED_MAPPING,PRESENT_IN_REQUIRED_PRODUCTION_SEED,PROFILE_PRESENT_FORM_REVIEW_REQUIRED,USDA_FDC:2346407@2026-04-30:Foundation,2346407,EXISTING_PROFILE_PROVENANCE_IDENTIFIED_FORM_REVIEW_REQUIRED,,OPEN_REUSE_CURRENT_PROFILE,NO,REUSE_EXISTING_PROFILE_FORM_REVIEW
ING-0018,Капуста цветная,Капуста цветная,Капуста цветная,A_REFERENCE,EXACT_EXISTING,CAULIFLOWER,HIGH,4,USSR82-261 | USSR82-284 | USSR82-286 | USSR82-365,9,1153,0,,LABEL_MATCH_OR_COMPATIBLE_TEXT,REUSE_ACCEPTED_MAPPING,PRESENT_IN_REQUIRED_PRODUCTION_SEED,PROFILE_PRESENT_FORM_REVIEW_REQUIRED,USDA_FDC:2685573@2026-04-30:Foundation,2685573,EXISTING_PROFILE_PROVENANCE_IDENTIFIED_FORM_REVIEW_REQUIRED,,OPEN_REUSE_CURRENT_PROFILE,NO,REUSE_EXISTING_PROFILE_FORM_REVIEW
ING-0019,Картофель,Картофель,Картофель | Картофель для отваривания | Картофель для протирания | Картофель молодой | Картофель предварительно сваренный в кожуре | Картофель сырой | Картофель: 180 г нетто → 175 г протёртого,A_REFERENCE,EXACT_EXISTING,POTATO,HIGH,16,USSR82-101 | USSR82-208 | USSR82-261 | USSR82-263 | USSR82-265 | USSR82-296 | USSR82-323 | USSR82-324 | USSR82-325 | USSR82-326 | USSR82-351 | USSR82-355 | USSR82-374 | USSR82-380 | USSR82-462 | USSR82-71,36,8583,1,USSR82-71,LABEL_MATCH_OR_COMPATIBLE_TEXT,REUSE_ACCEPTED_MAPPING,PRESENT_IN_REQUIRED_PRODUCTION_SEED,PROFILE_PRESENT_FORM_REVIEW_REQUIRED,USDA_FDC:2346403@2026-04-30:Foundation,2346403,EXISTING_PROFILE_PROVENANCE_IDENTIFIED_FORM_REVIEW_REQUIRED,,OPEN_REUSE_CURRENT_PROFILE,NO,REUSE_EXISTING_PROFILE_FORM_REVIEW
ING-0020,Крупа гречневая ядрица,Крупа гречневая,Гречневая крупа | Крупа гречневая,A_REFERENCE,ALIAS_EXISTING,BUCKWHEAT,HIGH,2,USSR82-259 | USSR82-418,4,320,0,,V22_5_V22_13_LABEL_DIFFERENCE_REVIEW_REQUIRED,REUSE_ACCEPTED_MAPPING,PRESENT_IN_REQUIRED_PRODUCTION_SEED,PROFILE_PRESENT_FORM_REVIEW_REQUIRED,USDA_FDC:2512378@2026-04-30:Foundation,2512378,EXISTING_PROFILE_PROVENANCE_IDENTIFIED_FORM_REVIEW_REQUIRED,,OPEN_REUSE_CURRENT_PROFILE,NO,REUSE_EXISTING_PROFILE_FORM_REVIEW
ING-0021,Крупа манная,Крупа манная,Крупа манная | Манная крупа,A_REFERENCE,NEW_FOOD_CANDIDATE,,MEDIUM,5,USSR82-259 | USSR82-260 | USSR82-340 | USSR82-361 | USSR82-499,11,353,0,,LABEL_MATCH_OR_COMPATIBLE_TEXT,NO_ACCEPTED_FAMILYFOODOS_IDENTITY_YET,NOT_APPLICABLE_NO_ACCEPTED_FOOD_MAPPING,NOT_APPLICABLE_NO_ACCEPTED_PROFILE,FIC_FGBUN_2024_SEARCH_TARGET,,SOURCE_FAMILY_SEARCH_TARGET_EXACT_RECORD_UNVERIFIED,SEARCH_FIC_FGBUN_THEN_PIN_EXACT_RECORD_AND_REVIEW_RIGHTS,BLOCKED_PENDING_RIGHTS_REVIEW,NO,DC2-A_HIGH_IMPACT
ING-0022,Крупа перловая,Крупа перловая,Крупа перловая,A_REFERENCE,EXACT_EXISTING,BARLEY_PEARLED,HIGH,2,USSR82-259 | USSR82-264,5,320,0,,LABEL_MATCH_OR_COMPATIBLE_TEXT,REUSE_ACCEPTED_MAPPING,PRESENT_IN_REQUIRED_PRODUCTION_SEED,PROFILE_PRESENT_FORM_REVIEW_REQUIRED,USDA_FDC:170284@2018-04:SR Legacy,170284,EXISTING_PROFILE_PROVENANCE_IDENTIFIED_FORM_REVIEW_REQUIRED,,OPEN_REUSE_CURRENT_PROFILE,NO,REUSE_EXISTING_PROFILE_FORM_REVIEW
ING-0023,Крупа пшенная,Крупа пшенная,Крупа пшенная | Пшено | Пшено или крупа пшеничная,A_REFERENCE,FORM_SPLIT_CANDIDATE,,HIGH,5,USSR82-259 | USSR82-260 | USSR82-412 | USSR82-413 | USSR82-414,13,698,0,,LABEL_MATCH_OR_COMPATIBLE_TEXT,NO_ACCEPTED_FAMILYFOODOS_IDENTITY_YET,NOT_APPLICABLE_NO_ACCEPTED_FOOD_MAPPING,NOT_APPLICABLE_NO_ACCEPTED_PROFILE,,,BLOCKED_FORM_SELECTION_BEFORE_AUTHORITY,SELECT_EXACT_FORM_THEN_ASSIGN_AUTHORITY,UNRESOLVED_UNTIL_FORM_SELECTION,NO,DC2-C_IDENTITY_FORM_REVIEW
ING-0024,Крупа рисовая,Крупа рисовая,Крупа рисовая,A_REFERENCE,FORM_SPLIT_CANDIDATE,,MEDIUM,7,USSR82-208 | USSR82-259 | USSR82-282 | USSR82-346 | USSR82-412 | USSR82-413 | USSR82-669,14,588,0,,LABEL_MATCH_OR_COMPATIBLE_TEXT,NO_ACCEPTED_FAMILYFOODOS_IDENTITY_YET,NOT_APPLICABLE_NO_ACCEPTED_FOOD_MAPPING,NOT_APPLICABLE_NO_ACCEPTED_PROFILE,,,BLOCKED_FORM_SELECTION_BEFORE_AUTHORITY,SELECT_EXACT_FORM_THEN_ASSIGN_AUTHORITY,UNRESOLVED_UNTIL_FORM_SELECTION,NO,DC2-C_IDENTITY_FORM_REVIEW
ING-0025,Куры I категории,Курица,Курица,A_REFERENCE,NEW_FOOD_CANDIDATE,,MEDIUM,4,USSR82-101 | USSR82-697 | USSR82-720 | USSR82-732,4,306,0,,V22_5_V22_13_LABEL_DIFFERENCE_REVIEW_REQUIRED,NO_ACCEPTED_FAMILYFOODOS_IDENTITY_YET,NOT_APPLICABLE_NO_ACCEPTED_FOOD_MAPPING,NOT_APPLICABLE_NO_ACCEPTED_PROFILE,,,BLOCKED_IDENTITY_SEMANTICS_BEFORE_AUTHORITY,RESOLVE_IDENTITY_SEMANTICS_THEN_ASSIGN_AUTHORITY,UNRESOLVED_UNTIL_IDENTITY_REVIEW,NO,DC2-C_IDENTITY_FORM_REVIEW
ING-0026,Лимон,Лимон,Лимон,A_REFERENCE,EXACT_EXISTING,LEMON,HIGH,1,USSR82-312,2,24,0,,LABEL_MATCH_OR_COMPATIBLE_TEXT,REUSE_ACCEPTED_MAPPING,PRESENT_IN_REQUIRED_PRODUCTION_SEED,PROFILE_PRESENT_FORM_REVIEW_REQUIRED,USDA_FDC:167746@2018-04:SR Legacy,167746,EXISTING_PROFILE_PROVENANCE_IDENTIFIED_FORM_REVIEW_REQUIRED,,OPEN_REUSE_CURRENT_PROFILE,NO,REUSE_EXISTING_PROFILE_FORM_REVIEW
ING-0027,Лук зеленый,Лук зеленый,Лук зеленый,A_REFERENCE,EXACT_EXISTING,GREEN_ONION,HIGH,7,USSR82-312 | USSR82-374 | USSR82-461 | USSR82-470 | USSR82-58 | USSR82-59 | USSR82-71,12,686,3,USSR82-58 | USSR82-59 | USSR82-71,LABEL_MATCH_OR_COMPATIBLE_TEXT,REUSE_ACCEPTED_MAPPING,PRESENT_IN_REQUIRED_PRODUCTION_SEED,PROFILE_PRESENT_FORM_REVIEW_REQUIRED,USDA_FDC:170005@2018-04:SR Legacy,170005,EXISTING_PROFILE_PROVENANCE_IDENTIFIED_FORM_REVIEW_REQUIRED,,OPEN_REUSE_CURRENT_PROFILE,NO,REUSE_EXISTING_PROFILE_FORM_REVIEW
ING-0028,Лук репчатый,Лук репчатый,Лук | Лук репчатый,A_REFERENCE,ALIAS_EXISTING,ONION_YELLOW,HIGH,11,USSR82-184 | USSR82-208 | USSR82-265 | USSR82-287 | USSR82-296 | USSR82-324 | USSR82-374 | USSR82-461 | USSR82-470 | USSR82-669 | USSR82-697,21,844,0,,LABEL_MATCH_OR_COMPATIBLE_TEXT,REUSE_ACCEPTED_MAPPING,PRESENT_IN_REQUIRED_PRODUCTION_SEED,PROFILE_PRESENT_FORM_REVIEW_REQUIRED,USDA_FDC:790646@2026-04-30:Foundation,790646,EXISTING_PROFILE_PROVENANCE_IDENTIFIED_FORM_REVIEW_REQUIRED,,OPEN_REUSE_CURRENT_PROFILE,NO,REUSE_EXISTING_PROFILE_FORM_REVIEW
ING-0029,Макаронные изделия в/с,Макаронные изделия,Макаронные изделия | Макароны сухие | Макароны/лапша/домашняя лапша/вермишель/фигурные изделия,A_REFERENCE,ALIAS_EXISTING,PASTA_DRY,HIGH,3,USSR82-258 | USSR82-442 | USSR82-451,6,745,0,,V22_5_V22_13_LABEL_DIFFERENCE_REVIEW_REQUIRED,REUSE_ACCEPTED_MAPPING,PRESENT_IN_REQUIRED_PRODUCTION_SEED,PROFILE_PRESENT_FORM_REVIEW_REQUIRED,USDA_FDC:168927@2018-04:SR Legacy,168927,EXISTING_PROFILE_PROVENANCE_IDENTIFIED_FORM_REVIEW_REQUIRED,,OPEN_REUSE_CURRENT_PROFILE,NO,REUSE_EXISTING_PROFILE_FORM_REVIEW
ING-0030,Маргарин молочный,Маргарин столовый,Маргарин | Маргарин для жарки картофеля | Маргарин для лука | Маргарин для омлета | Маргарин для помидоров | Маргарин для приготовления | Маргарин для яичницы | Маргарин при отпуске | Маргарин столовый | Маргарин столовый для выпечки | Маргарин столовый для моркови | Маргарин столовый при отпуске,A_REFERENCE,NEW_FOOD_CANDIDATE,,MEDIUM,27,USSR82-1081 | USSR82-208 | USSR82-324 | USSR82-340 | USSR82-346 | USSR82-351 | USSR82-355 | USSR82-361 | USSR82-365 | USSR82-374 | USSR82-380 | USSR82-412 | USSR82-413 | USSR82-414 | USSR82-418 | USSR82-451 | USSR82-459 | USSR82-461 | USSR82-462 | USSR82-463 | USSR82-464 | USSR82-467 | USSR82-468 | USSR82-470 | USSR82-492 | USSR82-499 | USSR82-732,81,770,0,,V22_5_V22_13_LABEL_DIFFERENCE_REVIEW_REQUIRED,NO_ACCEPTED_FAMILYFOODOS_IDENTITY_YET,NOT_APPLICABLE_NO_ACCEPTED_FOOD_MAPPING,NOT_APPLICABLE_NO_ACCEPTED_PROFILE,,,BLOCKED_IDENTITY_SEMANTICS_BEFORE_AUTHORITY,RESOLVE_IDENTITY_SEMANTICS_THEN_ASSIGN_AUTHORITY,UNRESOLVED_UNTIL_IDENTITY_REVIEW,NO,DC2-C_IDENTITY_FORM_REVIEW
ING-0032,Масло сливочное несоленое,Масло сливочное,Масло сливочное | Масло сливочное или маргарин столовый | Масло сливочное при отпуске,A_REFERENCE,EXACT_EXISTING,BUTTER_UNSALTED,HIGH,31,USSR82-1081 | USSR82-258 | USSR82-259 | USSR82-260 | USSR82-261 | USSR82-263 | USSR82-264 | USSR82-282 | USSR82-283 | USSR82-288 | USSR82-296 | USSR82-323 | USSR82-324 | USSR82-325 | USSR82-326 | USSR82-328 | USSR82-340 | USSR82-355 | USSR82-361 | USSR82-364 | USSR82-365 | USSR82-412 | USSR82-413 | USSR82-414 | USSR82-418 | USSR82-451 | USSR82-459 | USSR82-467 | USSR82-468 | USSR82-470 | USSR82-720,68,748,0,,V22_5_V22_13_LABEL_DIFFERENCE_REVIEW_REQUIRED,REUSE_ACCEPTED_MAPPING,PRESENT_IN_REQUIRED_PRODUCTION_SEED,PROFILE_PRESENT_FORM_REVIEW_REQUIRED,USDA_FDC:173430@2018-04:SR Legacy,173430,EXISTING_PROFILE_PROVENANCE_IDENTIFIED_FORM_REVIEW_REQUIRED,,OPEN_REUSE_CURRENT_PROFILE,NO,REUSE_EXISTING_PROFILE_FORM_REVIEW
ING-0034,"Молоко пастеризованное 3,2%","Молоко 3,2%",Молоко | Молоко или вода,A_REFERENCE,FORM_SPLIT_CANDIDATE,,MEDIUM,19,USSR82-258 | USSR82-259 | USSR82-260 | USSR82-261 | USSR82-263 | USSR82-264 | USSR82-265 | USSR82-288 | USSR82-322 | USSR82-325 | USSR82-326 | USSR82-412 | USSR82-414 | USSR82-451 | USSR82-467 | USSR82-468 | USSR82-469 | USSR82-470 | USSR82-732,37,11215,0,,V22_5_V22_13_LABEL_DIFFERENCE_REVIEW_REQUIRED,NO_ACCEPTED_FAMILYFOODOS_IDENTITY_YET,NOT_APPLICABLE_NO_ACCEPTED_FOOD_MAPPING,NOT_APPLICABLE_NO_ACCEPTED_PROFILE,,,BLOCKED_IDENTITY_SEMANTICS_BEFORE_AUTHORITY,RESOLVE_IDENTITY_SEMANTICS_THEN_ASSIGN_AUTHORITY,UNRESOLVED_UNTIL_IDENTITY_REVIEW,NO,DC2-C_IDENTITY_FORM_REVIEW
ING-0035,Морковь красная,Морковь,Морковь,A_REFERENCE,ALIAS_EXISTING,CARROT,HIGH,11,USSR82-208 | USSR82-261 | USSR82-265 | USSR82-282 | USSR82-283 | USSR82-284 | USSR82-287 | USSR82-346 | USSR82-361 | USSR82-414 | USSR82-95,22,1796,0,,V22_5_V22_13_LABEL_DIFFERENCE_REVIEW_REQUIRED,REUSE_ACCEPTED_MAPPING,PRESENT_IN_REQUIRED_PRODUCTION_SEED,PROFILE_PRESENT_FORM_REVIEW_REQUIRED,USDA_FDC:2258586@2026-04-30:Foundation,2258586,EXISTING_PROFILE_PROVENANCE_IDENTIFIED_FORM_REVIEW_REQUIRED,,OPEN_REUSE_CURRENT_PROFILE,NO,REUSE_EXISTING_PROFILE_FORM_REVIEW
ING-0036,Мука пшеничная в/с,Мука пшеничная,Мука пшеничная,A_REFERENCE,ALIAS_EXISTING,FLOUR_WHEAT,HIGH,5,USSR82-1081 | USSR82-351 | USSR82-364 | USSR82-492 | USSR82-669,5,109,0,,V22_5_V22_13_LABEL_DIFFERENCE_REVIEW_REQUIRED,REUSE_ACCEPTED_MAPPING,PRESENT_IN_REQUIRED_PRODUCTION_SEED,PROFILE_PRESENT_FORM_REVIEW_REQUIRED,USDA_FDC:790018@2026-04-30:Foundation,790018,EXISTING_PROFILE_PROVENANCE_IDENTIFIED_FORM_REVIEW_REQUIRED,,OPEN_REUSE_CURRENT_PROFILE,NO,REUSE_EXISTING_PROFILE_FORM_REVIEW
ING-0037,Огурец свежий,Огурец свежий,Огурец свежий | Огурцы свежие,A_REFERENCE,ALIAS_EXISTING,CUCUMBER,HIGH,3,USSR82-312 | USSR82-55 | USSR82-59,5,1500,2,USSR82-55 | USSR82-59,LABEL_MATCH_OR_COMPATIBLE_TEXT,REUSE_ACCEPTED_MAPPING,PRESENT_IN_REQUIRED_PRODUCTION_SEED,PROFILE_PRESENT_FORM_REVIEW_REQUIRED,USDA_FDC:2346406@2026-04-30:Foundation,2346406,EXISTING_PROFILE_PROVENANCE_IDENTIFIED_FORM_REVIEW_REQUIRED,,OPEN_REUSE_CURRENT_PROFILE,NO,REUSE_EXISTING_PROFILE_FORM_REVIEW
ING-0038,Огурцы соленые,Огурец соленый,Огурец соленый | Огурцы соленые,B_MULTI_SOURCE_REFERENCE,FORM_SPLIT_CANDIDATE,,MEDIUM,2,USSR82-101 | USSR82-208,2,90,0,,V22_5_V22_13_LABEL_DIFFERENCE_REVIEW_REQUIRED,NO_ACCEPTED_FAMILYFOODOS_IDENTITY_YET,NOT_APPLICABLE_NO_ACCEPTED_FOOD_MAPPING,NOT_APPLICABLE_NO_ACCEPTED_PROFILE,,,BLOCKED_IDENTITY_SEMANTICS_BEFORE_AUTHORITY,RESOLVE_IDENTITY_SEMANTICS_THEN_ASSIGN_AUTHORITY,UNRESOLVED_UNTIL_IDENTITY_REVIEW,NO,DC2-C_IDENTITY_FORM_REVIEW
ING-0041,Петрушка (корень),Петрушка (корень),Петрушка (корень),A_REFERENCE,FORM_SPLIT_CANDIDATE,,MEDIUM,6,USSR82-282 | USSR82-283 | USSR82-284 | USSR82-287 | USSR82-296 | USSR82-346,16,160,0,,LABEL_MATCH_OR_COMPATIBLE_TEXT,NO_ACCEPTED_FAMILYFOODOS_IDENTITY_YET,NOT_APPLICABLE_NO_ACCEPTED_FOOD_MAPPING,NOT_APPLICABLE_NO_ACCEPTED_PROFILE,,,BLOCKED_FORM_SELECTION_BEFORE_AUTHORITY,SELECT_EXACT_FORM_THEN_ASSIGN_AUTHORITY,UNRESOLVED_UNTIL_FORM_SELECTION,NO,DC2-C_IDENTITY_FORM_REVIEW
ING-0042,Сахар-песок,Сахар,Сахар,A_REFERENCE,EXACT_EXISTING,SUGAR,HIGH,22,USSR82-1081 | USSR82-258 | USSR82-259 | USSR82-260 | USSR82-312 | USSR82-314 | USSR82-317 | USSR82-318 | USSR82-319 | USSR82-320 | USSR82-322 | USSR82-340 | USSR82-346 | USSR82-351 | USSR82-412 | USSR82-413 | USSR82-414 | USSR82-418 | USSR82-451 | USSR82-492 | USSR82-499 | USSR82-95,97,6206,0,,V22_5_V22_13_LABEL_DIFFERENCE_REVIEW_REQUIRED,REUSE_ACCEPTED_MAPPING,PRESENT_IN_REQUIRED_PRODUCTION_SEED,PROFILE_PRESENT_FORM_REVIEW_REQUIRED,USDA_FDC:746784@2026-04-30:Foundation,746784,EXISTING_PROFILE_PROVENANCE_IDENTIFIED_FORM_REVIEW_REQUIRED,,OPEN_REUSE_CURRENT_PROFILE,NO,REUSE_EXISTING_PROFILE_FORM_REVIEW
ING-0044,Свинина котлетная,Свинина котлетная,Свинина,C_PROXY,NEW_FOOD_CANDIDATE,,MEDIUM,1,USSR82-184,1,1140,0,,LABEL_MATCH_OR_COMPATIBLE_TEXT,NO_ACCEPTED_FAMILYFOODOS_IDENTITY_YET,NOT_APPLICABLE_NO_ACCEPTED_FOOD_MAPPING,NOT_APPLICABLE_NO_ACCEPTED_PROFILE,,,BLOCKED_PROXY_IDENTITY_BEFORE_AUTHORITY,RESOLVE_PROXY_IDENTITY_THEN_ASSIGN_AUTHORITY,UNRESOLVED_UNTIL_IDENTITY_REVIEW,NO,DC2-C_IDENTITY_FORM_REVIEW
ING-0046,Сметана 20% жирности,Сметана 20%,Сметана | Сметана (в изделие) | Сметана при отпуске,A_REFERENCE,FORM_SPLIT_CANDIDATE,,MEDIUM,2,USSR82-380 | USSR82-95,3,170,0,,V22_5_V22_13_LABEL_DIFFERENCE_REVIEW_REQUIRED,NO_ACCEPTED_FAMILYFOODOS_IDENTITY_YET,NOT_APPLICABLE_NO_ACCEPTED_FOOD_MAPPING,NOT_APPLICABLE_NO_ACCEPTED_PROFILE,,,BLOCKED_IDENTITY_SEMANTICS_BEFORE_AUTHORITY,RESOLVE_IDENTITY_SEMANTICS_THEN_ASSIGN_AUTHORITY,UNRESOLVED_UNTIL_IDENTITY_REVIEW,NO,DC2-C_IDENTITY_FORM_REVIEW
ING-0047,Сметана 30%,Сметана 30%,Сметана,A_REFERENCE,FORM_SPLIT_CANDIDATE,,MEDIUM,7,USSR82-418 | USSR82-492 | USSR82-499 | USSR82-55 | USSR82-58 | USSR82-59 | USSR82-71,7,780,4,USSR82-55 | USSR82-58 | USSR82-59 | USSR82-71,LABEL_MATCH_OR_COMPATIBLE_TEXT,NO_ACCEPTED_FAMILYFOODOS_IDENTITY_YET,NOT_APPLICABLE_NO_ACCEPTED_FOOD_MAPPING,NOT_APPLICABLE_NO_ACCEPTED_PROFILE,,,BLOCKED_FORM_SELECTION_BEFORE_AUTHORITY,SELECT_EXACT_FORM_THEN_ASSIGN_AUTHORITY,UNRESOLVED_UNTIL_FORM_SELECTION,NO,DC2-C_IDENTITY_FORM_REVIEW
ING-0050,Соль поваренная,Соль поваренная,Соль | Соль для варки овощей,B_REFERENCE,EXACT_EXISTING,SALT,HIGH,6,USSR82-1081 | USSR82-263 | USSR82-284 | USSR82-286 | USSR82-287 | USSR82-288,10,65.2,0,,LABEL_MATCH_OR_COMPATIBLE_TEXT,REUSE_ACCEPTED_MAPPING,PRESENT_IN_REQUIRED_PRODUCTION_SEED,PROFILE_PRESENT_FORM_REVIEW_REQUIRED,USDA_FDC:173468@2018-04:SR Legacy,173468,EXISTING_PROFILE_PROVENANCE_IDENTIFIED_FORM_REVIEW_REQUIRED,,OPEN_REUSE_CURRENT_PROFILE,NO,REUSE_EXISTING_PROFILE_FORM_REVIEW
ING-0053,Сухари сливочные (аппроксимация панировки),Сухари панировочные,Сухари,A_REFERENCE,FORM_SPLIT_CANDIDATE,,MEDIUM,10,USSR82-328 | USSR82-361 | USSR82-364 | USSR82-365 | USSR82-380 | USSR82-418 | USSR82-451 | USSR82-499 | USSR82-658 | USSR82-732,12,92,0,,V22_5_V22_13_LABEL_DIFFERENCE_REVIEW_REQUIRED,NO_ACCEPTED_FAMILYFOODOS_IDENTITY_YET,NOT_APPLICABLE_NO_ACCEPTED_FOOD_MAPPING,NOT_APPLICABLE_NO_ACCEPTED_PROFILE,,,BLOCKED_IDENTITY_SEMANTICS_BEFORE_AUTHORITY,RESOLVE_IDENTITY_SEMANTICS_THEN_ASSIGN_AUTHORITY,UNRESOLVED_UNTIL_IDENTITY_REVIEW,NO,DC2-C_IDENTITY_FORM_REVIEW
ING-0055,Сыр российский (proxy для твердого сыра),Сыр твердый,Сыр | Сыр тертый,C_PROXY,NEW_FOOD_CANDIDATE,,MEDIUM,2,USSR82-282 | USSR82-463,4,60,0,,V22_5_V22_13_LABEL_DIFFERENCE_REVIEW_REQUIRED,NO_ACCEPTED_FAMILYFOODOS_IDENTITY_YET,NOT_APPLICABLE_NO_ACCEPTED_FOOD_MAPPING,NOT_APPLICABLE_NO_ACCEPTED_PROFILE,,,BLOCKED_IDENTITY_SEMANTICS_BEFORE_AUTHORITY,RESOLVE_IDENTITY_SEMANTICS_THEN_ASSIGN_AUTHORITY,UNRESOLVED_UNTIL_IDENTITY_REVIEW,NO,DC2-C_IDENTITY_FORM_REVIEW
ING-0056,Творог полужирный,Творог 9%,Творог,A_REFERENCE,NEW_FOOD_CANDIDATE,,MEDIUM,3,USSR82-418 | USSR82-492 | USSR82-499,3,350,0,,V22_5_V22_13_LABEL_DIFFERENCE_REVIEW_REQUIRED,NO_ACCEPTED_FAMILYFOODOS_IDENTITY_YET,NOT_APPLICABLE_NO_ACCEPTED_FOOD_MAPPING,NOT_APPLICABLE_NO_ACCEPTED_PROFILE,,,BLOCKED_IDENTITY_SEMANTICS_BEFORE_AUTHORITY,RESOLVE_IDENTITY_SEMANTICS_THEN_ASSIGN_AUTHORITY,UNRESOLVED_UNTIL_IDENTITY_REVIEW,NO,DC2-C_IDENTITY_FORM_REVIEW
ING-0058,Томат свежий,Томат свежий,Помидоры | Помидоры свежие,A_REFERENCE,ALIAS_EXISTING,TOMATO,HIGH,4,USSR82-287 | USSR82-374 | USSR82-58 | USSR82-59,5,1164,2,USSR82-58 | USSR82-59,LABEL_MATCH_OR_COMPATIBLE_TEXT,REUSE_ACCEPTED_MAPPING,PRESENT_IN_REQUIRED_PRODUCTION_SEED,PROFILE_PRESENT_FORM_REVIEW_REQUIRED,USDA_FDC:1999634@2026-04-30:Foundation,1999634,EXISTING_PROFILE_PROVENANCE_IDENTIFIED_FORM_REVIEW_REQUIRED,,OPEN_REUSE_CURRENT_PROFILE,NO,REUSE_EXISTING_PROFILE_FORM_REVIEW
ING-0063,Хлеб пшеничный из муки высшего сорта,Хлеб пшеничный,Хлеб пшеничный,A_REFERENCE,FORM_SPLIT_CANDIDATE,,HIGH,4,USSR82-322 | USSR82-658 | USSR82-720 | USSR82-732,4,93,0,,V22_5_V22_13_LABEL_DIFFERENCE_REVIEW_REQUIRED,NO_ACCEPTED_FAMILYFOODOS_IDENTITY_YET,NOT_APPLICABLE_NO_ACCEPTED_FOOD_MAPPING,NOT_APPLICABLE_NO_ACCEPTED_PROFILE,,,BLOCKED_IDENTITY_SEMANTICS_BEFORE_AUTHORITY,RESOLVE_IDENTITY_SEMANTICS_THEN_ASSIGN_AUTHORITY,UNRESOLVED_UNTIL_IDENTITY_REVIEW,NO,DC2-C_IDENTITY_FORM_REVIEW
ING-0064,"Хлопья овсяные ""Геркулес""",Хлопья овсяные Геркулес,"Хлопья овсяные ""Геркулес"" | Хлопья овсяные Геркулес",A_REFERENCE,ALIAS_EXISTING,OATS_ROLLED,HIGH,2,USSR82-259 | USSR82-413,6,323,0,,V22_5_V22_13_LABEL_DIFFERENCE_REVIEW_REQUIRED,REUSE_ACCEPTED_MAPPING,PRESENT_IN_REQUIRED_PRODUCTION_SEED,PROFILE_PRESENT_FORM_REVIEW_REQUIRED,USDA_FDC:2346396@2026-04-30:Foundation,2346396,EXISTING_PROFILE_PROVENANCE_IDENTIFIED_FORM_REVIEW_REQUIRED,,OPEN_REUSE_CURRENT_PROFILE,NO,REUSE_EXISTING_PROFILE_FORM_REVIEW
ING-0066,Чернослив,Чернослив,Чернослив,B_REFERENCE,FORM_SPLIT_CANDIDATE,,HIGH,4,USSR82-317 | USSR82-346 | USSR82-351 | USSR82-413,12,800,0,,LABEL_MATCH_OR_COMPATIBLE_TEXT,NO_ACCEPTED_FAMILYFOODOS_IDENTITY_YET,NOT_APPLICABLE_NO_ACCEPTED_FOOD_MAPPING,NOT_APPLICABLE_NO_ACCEPTED_PROFILE,,,BLOCKED_FORM_SELECTION_BEFORE_AUTHORITY,SELECT_EXACT_FORM_THEN_ASSIGN_AUTHORITY,UNRESOLVED_UNTIL_FORM_SELECTION,NO,DC2-C_IDENTITY_FORM_REVIEW
ING-0069,Жир кулинарный,Шпик,Шпик,A_REFERENCE,NEW_FOOD_CANDIDATE,,MEDIUM,2,USSR82-460 | USSR82-469,6,188,0,,V22_5_V22_13_LABEL_DIFFERENCE_REVIEW_REQUIRED,NO_ACCEPTED_FAMILYFOODOS_IDENTITY_YET,NOT_APPLICABLE_NO_ACCEPTED_FOOD_MAPPING,NOT_APPLICABLE_NO_ACCEPTED_PROFILE,,,BLOCKED_IDENTITY_SEMANTICS_BEFORE_AUTHORITY,RESOLVE_IDENTITY_SEMANTICS_THEN_ASSIGN_AUTHORITY,UNRESOLVED_UNTIL_IDENTITY_REVIEW,NO,DC2-C_IDENTITY_FORM_REVIEW
ING-0070,Яблоки,Яблоко,Яблоки,A_REFERENCE,ALIAS_EXISTING,APPLE,HIGH,4,USSR82-314 | USSR82-318 | USSR82-319 | USSR82-95,11,2500,0,,LABEL_MATCH_OR_COMPATIBLE_TEXT,REUSE_ACCEPTED_MAPPING,PRESENT_IN_REQUIRED_PRODUCTION_SEED,PROFILE_PRESENT_FORM_REVIEW_REQUIRED,USDA_FDC:1750341@2026-04-30:Foundation,1750341,EXISTING_PROFILE_PROVENANCE_IDENTIFIED_FORM_REVIEW_REQUIRED,,OPEN_REUSE_CURRENT_PROFILE,NO,REUSE_EXISTING_PROFILE_FORM_REVIEW
ING-0071,Яйцо куриное,Яйцо куриное,Яйца | Яйцо | Яйцо куриное,A_REFERENCE,ALIAS_EXISTING,EGG,HIGH,24,USSR82-101 | USSR82-184 | USSR82-282 | USSR82-288 | USSR82-322 | USSR82-364 | USSR82-365 | USSR82-374 | USSR82-380 | USSR82-418 | USSR82-451 | USSR82-453 | USSR82-459 | USSR82-460 | USSR82-461 | USSR82-462 | USSR82-463 | USSR82-464 | USSR82-467 | USSR82-469 | USSR82-470 | USSR82-492 | USSR82-499 | USSR82-720,44,2930,1,USSR82-453,LABEL_MATCH_OR_COMPATIBLE_TEXT,REUSE_ACCEPTED_MAPPING,PRESENT_IN_REQUIRED_PRODUCTION_SEED,PROFILE_PRESENT_FORM_REVIEW_REQUIRED,USDA_FDC:748967@2026-04-30:Foundation,748967,EXISTING_PROFILE_PROVENANCE_IDENTIFIED_FORM_REVIEW_REQUIRED,,OPEN_REUSE_CURRENT_PROFILE,NO,REUSE_EXISTING_PROFILE_FORM_REVIEW
ING-0073,Салат листовой,Салат листовой,Салат | Салат листовой,A_REFERENCE,NEW_FOOD_CANDIDATE,,MEDIUM,4,USSR82-101 | USSR82-283 | USSR82-284 | USSR82-312,6,145,0,,LABEL_MATCH_OR_COMPATIBLE_TEXT,NO_ACCEPTED_FAMILYFOODOS_IDENTITY_YET,NOT_APPLICABLE_NO_ACCEPTED_FOOD_MAPPING,NOT_APPLICABLE_NO_ACCEPTED_PROFILE,FIC_FGBUN_2024_SEARCH_TARGET,,SOURCE_FAMILY_SEARCH_TARGET_EXACT_RECORD_UNVERIFIED,SEARCH_FIC_FGBUN_THEN_PIN_EXACT_RECORD_AND_REVIEW_RIGHTS,BLOCKED_PENDING_RIGHTS_REVIEW,NO,DC2-A_HIGH_IMPACT
ING-0074,Майонез,Майонез,Майонез,B_COMPATIBLE_REFERENCE,FORM_SPLIT_CANDIDATE,,MEDIUM,1,USSR82-101,1,40,0,,LABEL_MATCH_OR_COMPATIBLE_TEXT,NO_ACCEPTED_FAMILYFOODOS_IDENTITY_YET,NOT_APPLICABLE_NO_ACCEPTED_FOOD_MAPPING,NOT_APPLICABLE_NO_ACCEPTED_PROFILE,,,BLOCKED_FORM_SELECTION_BEFORE_AUTHORITY,SELECT_EXACT_FORM_THEN_ASSIGN_AUTHORITY,UNRESOLVED_UNTIL_FORM_SELECTION,NO,DC2-C_IDENTITY_FORM_REVIEW
ING-0076,"Fat, chicken",Внутренний жир,Внутренний жир,C_PROXY,NEW_FOOD_CANDIDATE,,MEDIUM,1,USSR82-732,1,2,0,,V22_5_V22_13_LABEL_DIFFERENCE_REVIEW_REQUIRED,NO_ACCEPTED_FAMILYFOODOS_IDENTITY_YET,NOT_APPLICABLE_NO_ACCEPTED_FOOD_MAPPING,NOT_APPLICABLE_NO_ACCEPTED_PROFILE,,,BLOCKED_IDENTITY_SEMANTICS_BEFORE_AUTHORITY,RESOLVE_IDENTITY_SEMANTICS_THEN_ASSIGN_AUTHORITY,UNRESOLVED_UNTIL_IDENTITY_REVIEW,NO,DC2-C_IDENTITY_FORM_REVIEW
ING-0077,Репа,Репа,Репа,A_REFERENCE,EXACT_EXISTING,TURNIP,HIGH,4,USSR82-261 | USSR82-283 | USSR82-284 | USSR82-287,7,150,0,,LABEL_MATCH_OR_COMPATIBLE_TEXT,REUSE_ACCEPTED_MAPPING,PRESENT_IN_REQUIRED_PRODUCTION_SEED,PROFILE_PRESENT_FORM_REVIEW_REQUIRED,USDA_FDC:2747674@2026-04-30:Foundation,2747674,EXISTING_PROFILE_PROVENANCE_IDENTIFIED_FORM_REVIEW_REQUIRED,,OPEN_REUSE_CURRENT_PROFILE,NO,REUSE_EXISTING_PROFILE_FORM_REVIEW
ING-0078,Петрушка зелень,Петрушка зелень,Петрушка (зелень),A_REFERENCE,ALIAS_EXISTING,PARSLEY,HIGH,1,USSR82-296,3,12,0,,LABEL_MATCH_OR_COMPATIBLE_TEXT,REUSE_ACCEPTED_MAPPING,PRESENT_IN_REQUIRED_PRODUCTION_SEED,PROFILE_PRESENT_FORM_REVIEW_REQUIRED,USDA_FDC:170416@2018-04:SR Legacy,170416,EXISTING_PROFILE_PROVENANCE_IDENTIFIED_FORM_REVIEW_REQUIRED,,OPEN_REUSE_CURRENT_PROFILE,NO,REUSE_EXISTING_PROFILE_FORM_REVIEW
ING-0079,Изюм,Изюм,Изюм,B_REFERENCE,NEW_FOOD_CANDIDATE,,MEDIUM,2,USSR82-317 | USSR82-351,4,400,0,,LABEL_MATCH_OR_COMPATIBLE_TEXT,NO_ACCEPTED_FAMILYFOODOS_IDENTITY_YET,NOT_APPLICABLE_NO_ACCEPTED_FOOD_MAPPING,NOT_APPLICABLE_NO_ACCEPTED_PROFILE,FIC_FGBUN_2024_SEARCH_TARGET,,SOURCE_FAMILY_SEARCH_TARGET_EXACT_RECORD_UNVERIFIED,SEARCH_FIC_FGBUN_THEN_PIN_EXACT_RECORD_AND_REVIEW_RIGHTS,BLOCKED_PENDING_RIGHTS_REVIEW,NO,DC2-B_STANDARD_EXTENSION
ING-0083,"Egg, whole, raw, frozen, pasteurized",Меланж,Меланж,C_PROXY,NEW_FOOD_CANDIDATE,,MEDIUM,2,USSR82-469 | USSR82-470,5,520,0,,V22_5_V22_13_LABEL_DIFFERENCE_REVIEW_REQUIRED,NO_ACCEPTED_FAMILYFOODOS_IDENTITY_YET,NOT_APPLICABLE_NO_ACCEPTED_FOOD_MAPPING,NOT_APPLICABLE_NO_ACCEPTED_PROFILE,,,BLOCKED_IDENTITY_SEMANTICS_BEFORE_AUTHORITY,RESOLVE_IDENTITY_SEMANTICS_THEN_ASSIGN_AUTHORITY,UNRESOLVED_UNTIL_IDENTITY_REVIEW,NO,DC2-C_IDENTITY_FORM_REVIEW
ING-0093,Грибы белые свежие,Грибы белые свежие,Грибы белые свежие,A_REFERENCE,NEW_FOOD_CANDIDATE,,MEDIUM,1,USSR82-324,3,190,0,,LABEL_MATCH_OR_COMPATIBLE_TEXT,NO_ACCEPTED_FAMILYFOODOS_IDENTITY_YET,NOT_APPLICABLE_NO_ACCEPTED_FOOD_MAPPING,NOT_APPLICABLE_NO_ACCEPTED_PROFILE,FIC_FGBUN_2024_SEARCH_TARGET,,SOURCE_FAMILY_SEARCH_TARGET_EXACT_RECORD_UNVERIFIED,SEARCH_FIC_FGBUN_THEN_PIN_EXACT_RECORD_AND_REVIEW_RIGHTS,BLOCKED_PENDING_RIGHTS_REVIEW,NO,DC2-B_STANDARD_EXTENSION
ING-0097,"Leavening agents, yeast, baker's, compressed",Дрожжи прессованные,Дрожжи прессованные,B_REFERENCE,NEW_FOOD_CANDIDATE,,HIGH,1,USSR82-1081,1,3,0,,V22_5_V22_13_LABEL_DIFFERENCE_REVIEW_REQUIRED,NO_ACCEPTED_FAMILYFOODOS_IDENTITY_YET,NOT_APPLICABLE_NO_ACCEPTED_FOOD_MAPPING,NOT_APPLICABLE_NO_ACCEPTED_PROFILE,,,BLOCKED_IDENTITY_SEMANTICS_BEFORE_AUTHORITY,RESOLVE_IDENTITY_SEMANTICS_THEN_ASSIGN_AUTHORITY,UNRESOLVED_UNTIL_IDENTITY_REVIEW,NO,DC2-C_IDENTITY_FORM_REVIEW
ING-0104,Кислота лимонная,Кислота лимонная,Кислота лимонная,B_REFERENCE,NEW_FOOD_CANDIDATE,,MEDIUM,1,USSR82-317,17,17,0,,LABEL_MATCH_OR_COMPATIBLE_TEXT,NO_ACCEPTED_FAMILYFOODOS_IDENTITY_YET,NOT_APPLICABLE_NO_ACCEPTED_FOOD_MAPPING,NOT_APPLICABLE_NO_ACCEPTED_PROFILE,FIC_FGBUN_2024_SEARCH_TARGET,,SOURCE_FAMILY_SEARCH_TARGET_EXACT_RECORD_UNVERIFIED,SEARCH_FIC_FGBUN_THEN_PIN_EXACT_RECORD_AND_REVIEW_RIGHTS,BLOCKED_PENDING_RIGHTS_REVIEW,NO,DC2-B_STANDARD_EXTENSION
ING-0107,Грибы белые сушеные,Грибы белые сушеные,Грибы белые сушеные,B_PARTIAL_REFERENCE,FORM_SPLIT_CANDIDATE,,MEDIUM,1,USSR82-324,3,48,0,,LABEL_MATCH_OR_COMPATIBLE_TEXT,NO_ACCEPTED_FAMILYFOODOS_IDENTITY_YET,NOT_APPLICABLE_NO_ACCEPTED_FOOD_MAPPING,NOT_APPLICABLE_NO_ACCEPTED_PROFILE,,,BLOCKED_FORM_SELECTION_BEFORE_AUTHORITY,SELECT_EXACT_FORM_THEN_ASSIGN_AUTHORITY,UNRESOLVED_UNTIL_FORM_SELECTION,NO,DC2-C_IDENTITY_FORM_REVIEW
ING-0112,Свинокопчености,Свинокопчености,Корейка копченая без шкуры и костей,C_PROXY,FORM_SPLIT_CANDIDATE,,MEDIUM,1,USSR82-265,1,60,0,,LABEL_MATCH_OR_COMPATIBLE_TEXT,NO_ACCEPTED_FAMILYFOODOS_IDENTITY_YET,NOT_APPLICABLE_NO_ACCEPTED_FOOD_MAPPING,NOT_APPLICABLE_NO_ACCEPTED_PROFILE,,,BLOCKED_FORM_SELECTION_BEFORE_AUTHORITY,SELECT_EXACT_FORM_THEN_ASSIGN_AUTHORITY,UNRESOLVED_UNTIL_FORM_SELECTION,NO,DC2-C_IDENTITY_FORM_REVIEW
ING-0113,Баранина котлетная,Баранина котлетная,Баранина,C_PROXY,NEW_FOOD_CANDIDATE,,MEDIUM,1,USSR82-184,1,1140,0,,LABEL_MATCH_OR_COMPATIBLE_TEXT,NO_ACCEPTED_FAMILYFOODOS_IDENTITY_YET,NOT_APPLICABLE_NO_ACCEPTED_FOOD_MAPPING,NOT_APPLICABLE_NO_ACCEPTED_PROFILE,,,BLOCKED_PROXY_IDENTITY_BEFORE_AUTHORITY,RESOLVE_PROXY_IDENTITY_THEN_ASSIGN_AUTHORITY,UNRESOLVED_UNTIL_IDENTITY_REVIEW,NO,DC2-C_IDENTITY_FORM_REVIEW
ING-0116,Щавель,Щавель,Щавель,A_REFERENCE,NEW_FOOD_CANDIDATE,,MEDIUM,1,USSR82-312,3,240,0,,LABEL_MATCH_OR_COMPATIBLE_TEXT,NO_ACCEPTED_FAMILYFOODOS_IDENTITY_YET,NOT_APPLICABLE_NO_ACCEPTED_FOOD_MAPPING,NOT_APPLICABLE_NO_ACCEPTED_PROFILE,FIC_FGBUN_2024_SEARCH_TARGET,,SOURCE_FAMILY_SEARCH_TARGET_EXACT_RECORD_UNVERIFIED,SEARCH_FIC_FGBUN_THEN_PIN_EXACT_RECORD_AND_REVIEW_RIGHTS,BLOCKED_PENDING_RIGHTS_REVIEW,NO,DC2-B_STANDARD_EXTENSION
ING-0117,Шпинат,Шпинат,Шпинат,A_REFERENCE,EXACT_EXISTING,SPINACH,HIGH,3,USSR82-283 | USSR82-284 | USSR82-312,6,455,0,,LABEL_MATCH_OR_COMPATIBLE_TEXT,REUSE_ACCEPTED_MAPPING,PRESENT_IN_REQUIRED_PRODUCTION_SEED,PROFILE_PRESENT_FORM_REVIEW_REQUIRED,USDA_FDC:1999633@2026-04-30:Foundation,1999633,EXISTING_PROFILE_PROVENANCE_IDENTIFIED_FORM_REVIEW_REQUIRED,,OPEN_REUSE_CURRENT_PROFILE,NO,REUSE_EXISTING_PROFILE_FORM_REVIEW
ING-0119,Лук-порей,Лук-порей,Лук-порей,C_PROXY,NEW_FOOD_CANDIDATE,,MEDIUM,3,USSR82-282 | USSR82-283 | USSR82-287,4,90,0,,LABEL_MATCH_OR_COMPATIBLE_TEXT,NO_ACCEPTED_FAMILYFOODOS_IDENTITY_YET,NOT_APPLICABLE_NO_ACCEPTED_FOOD_MAPPING,NOT_APPLICABLE_NO_ACCEPTED_PROFILE,,,BLOCKED_PROXY_IDENTITY_BEFORE_AUTHORITY,RESOLVE_PROXY_IDENTITY_THEN_ASSIGN_AUTHORITY,UNRESOLVED_UNTIL_IDENTITY_REVIEW,NO,DC2-C_IDENTITY_FORM_REVIEW
ING-0137,Сельдерей (корень),Сельдерей (корень),Сельдерей (корень),C_PROXY,FORM_SPLIT_CANDIDATE,,MEDIUM,4,USSR82-282 | USSR82-283 | USSR82-284 | USSR82-287,7,45,0,,LABEL_MATCH_OR_COMPATIBLE_TEXT,NO_ACCEPTED_FAMILYFOODOS_IDENTITY_YET,NOT_APPLICABLE_NO_ACCEPTED_FOOD_MAPPING,NOT_APPLICABLE_NO_ACCEPTED_PROFILE,,,BLOCKED_FORM_SELECTION_BEFORE_AUTHORITY,SELECT_EXACT_FORM_THEN_ASSIGN_AUTHORITY,UNRESOLVED_UNTIL_FORM_SELECTION,NO,DC2-C_IDENTITY_FORM_REVIEW
ING-0142,Шампиньоны свежие,Шампиньоны свежие,Шампиньоны свежие,C_PROXY,ALIAS_EXISTING,MUSHROOM_WHITE,HIGH,1,USSR82-324,3,190,0,,LABEL_MATCH_OR_COMPATIBLE_TEXT,REUSE_ACCEPTED_MAPPING,PRESENT_IN_REQUIRED_PRODUCTION_SEED,PROFILE_PRESENT_FORM_REVIEW_REQUIRED,USDA_FDC:1999629@2026-04-30:Foundation,1999629,EXISTING_PROFILE_PROVENANCE_IDENTIFIED_FORM_REVIEW_REQUIRED,,OPEN_REUSE_CURRENT_PROFILE,NO,REUSE_EXISTING_PROFILE_FORM_REVIEW
ING-0144,Фасоль овощная (лопатка),Фасоль овощная (лопатка),Фасоль овощная (лопатка) | Фасоль овощная (лопатка) свежая,C_PROXY,ALIAS_EXISTING,GREEN_BEANS,HIGH,2,USSR82-261 | USSR82-284,3,180,0,,LABEL_MATCH_OR_COMPATIBLE_TEXT,REUSE_ACCEPTED_MAPPING,PRESENT_IN_REQUIRED_PRODUCTION_SEED,PROFILE_PRESENT_FORM_REVIEW_REQUIRED,USDA_FDC:2346400@2026-04-30:Foundation,2346400,EXISTING_PROFILE_PROVENANCE_IDENTIFIED_FORM_REVIEW_REQUIRED,,OPEN_REUSE_CURRENT_PROFILE,NO,REUSE_EXISTING_PROFILE_FORM_REVIEW
ING-0145,Тыква,Тыква,Тыква,A_REFERENCE,NEW_FOOD_CANDIDATE,,MEDIUM,4,USSR82-260 | USSR82-328 | USSR82-340 | USSR82-412,12,2157,0,,LABEL_MATCH_OR_COMPATIBLE_TEXT,NO_ACCEPTED_FAMILYFOODOS_IDENTITY_YET,NOT_APPLICABLE_NO_ACCEPTED_FOOD_MAPPING,NOT_APPLICABLE_NO_ACCEPTED_PROFILE,FIC_FGBUN_2024_SEARCH_TARGET,,SOURCE_FAMILY_SEARCH_TARGET_EXACT_RECORD_UNVERIFIED,SEARCH_FIC_FGBUN_THEN_PIN_EXACT_RECORD_AND_REVIEW_RIGHTS,BLOCKED_PENDING_RIGHTS_REVIEW,NO,DC2-A_HIGH_IMPACT
ING-0162,Крупа овсяная,Крупа овсяная,Крупа овсяная,A_REFERENCE,FORM_SPLIT_CANDIDATE,,MEDIUM,1,USSR82-414,2,99,0,,LABEL_MATCH_OR_COMPATIBLE_TEXT,NO_ACCEPTED_FAMILYFOODOS_IDENTITY_YET,NOT_APPLICABLE_NO_ACCEPTED_FOOD_MAPPING,NOT_APPLICABLE_NO_ACCEPTED_PROFILE,,,BLOCKED_FORM_SELECTION_BEFORE_AUTHORITY,SELECT_EXACT_FORM_THEN_ASSIGN_AUTHORITY,UNRESOLVED_UNTIL_FORM_SELECTION,NO,DC2-C_IDENTITY_FORM_REVIEW
ING-0163,Крупа пшеничная,Крупа пшеничная,Крупа пшеничная,B_MULTI_SOURCE_REFERENCE,NEW_FOOD_CANDIDATE,,MEDIUM,3,USSR82-412 | USSR82-413 | USSR82-414,7,368,0,,LABEL_MATCH_OR_COMPATIBLE_TEXT,NO_ACCEPTED_FAMILYFOODOS_IDENTITY_YET,NOT_APPLICABLE_NO_ACCEPTED_FOOD_MAPPING,NOT_APPLICABLE_NO_ACCEPTED_PROFILE,FIC_FGBUN_2024_SEARCH_TARGET,,SOURCE_FAMILY_SEARCH_TARGET_EXACT_RECORD_UNVERIFIED,SEARCH_FIC_FGBUN_THEN_PIN_EXACT_RECORD_AND_REVIEW_RIGHTS,BLOCKED_PENDING_RIGHTS_REVIEW,NO,DC2-B_STANDARD_EXTENSION
ING-0175,Судак,Судак,Судак,B_PARTIAL_REFERENCE,NEW_FOOD_CANDIDATE,,MEDIUM,1,USSR82-296,3,376,0,,LABEL_MATCH_OR_COMPATIBLE_TEXT,NO_ACCEPTED_FAMILYFOODOS_IDENTITY_YET,NOT_APPLICABLE_NO_ACCEPTED_FOOD_MAPPING,NOT_APPLICABLE_NO_ACCEPTED_PROFILE,FIC_FGBUN_2024_SEARCH_TARGET,,SOURCE_FAMILY_SEARCH_TARGET_EXACT_RECORD_UNVERIFIED,SEARCH_FIC_FGBUN_THEN_PIN_EXACT_RECORD_AND_REVIEW_RIGHTS,BLOCKED_PENDING_RIGHTS_REVIEW,NO,DC2-B_STANDARD_EXTENSION
ING-0180,Брюква,Брюква,Брюква,A_REFERENCE,NEW_FOOD_CANDIDATE,,MEDIUM,2,USSR82-283 | USSR82-284,5,105,0,,LABEL_MATCH_OR_COMPATIBLE_TEXT,NO_ACCEPTED_FAMILYFOODOS_IDENTITY_YET,NOT_APPLICABLE_NO_ACCEPTED_FOOD_MAPPING,NOT_APPLICABLE_NO_ACCEPTED_PROFILE,FIC_FGBUN_2024_SEARCH_TARGET,,SOURCE_FAMILY_SEARCH_TARGET_EXACT_RECORD_UNVERIFIED,SEARCH_FIC_FGBUN_THEN_PIN_EXACT_RECORD_AND_REVIEW_RIGHTS,BLOCKED_PENDING_RIGHTS_REVIEW,NO,DC2-B_STANDARD_EXTENSION
ING-0190,Капуста савойская,Капуста савойская,Капуста савойская,A_REFERENCE,FORM_SPLIT_CANDIDATE,,MEDIUM,1,USSR82-287,2,100,0,,LABEL_MATCH_OR_COMPATIBLE_TEXT,NO_ACCEPTED_FAMILYFOODOS_IDENTITY_YET,NOT_APPLICABLE_NO_ACCEPTED_FOOD_MAPPING,NOT_APPLICABLE_NO_ACCEPTED_PROFILE,,,BLOCKED_FORM_SELECTION_BEFORE_AUTHORITY,SELECT_EXACT_FORM_THEN_ASSIGN_AUTHORITY,UNRESOLVED_UNTIL_FORM_SELECTION,NO,DC2-C_IDENTITY_FORM_REVIEW
ING-0191,Капуста брюссельская,Капуста брюссельская,Капуста брюссельская,C_PROXY,FORM_SPLIT_CANDIDATE,,MEDIUM,2,USSR82-286 | USSR82-365,4,1047,0,,LABEL_MATCH_OR_COMPATIBLE_TEXT,NO_ACCEPTED_FAMILYFOODOS_IDENTITY_YET,NOT_APPLICABLE_NO_ACCEPTED_FOOD_MAPPING,NOT_APPLICABLE_NO_ACCEPTED_PROFILE,,,BLOCKED_FORM_SELECTION_BEFORE_AUTHORITY,SELECT_EXACT_FORM_THEN_ASSIGN_AUTHORITY,UNRESOLVED_UNTIL_FORM_SELECTION,NO,DC2-C_IDENTITY_FORM_REVIEW
ING-0192,Горох овощной (лопатка),Горох овощной (лопатка),Горох овощной (лопатка),A_REFERENCE,NEW_FOOD_CANDIDATE,,MEDIUM,1,USSR82-284,2,80,0,,LABEL_MATCH_OR_COMPATIBLE_TEXT,NO_ACCEPTED_FAMILYFOODOS_IDENTITY_YET,NOT_APPLICABLE_NO_ACCEPTED_FOOD_MAPPING,NOT_APPLICABLE_NO_ACCEPTED_PROFILE,FIC_FGBUN_2024_SEARCH_TARGET,,SOURCE_FAMILY_SEARCH_TARGET_EXACT_RECORD_UNVERIFIED,SEARCH_FIC_FGBUN_THEN_PIN_EXACT_RECORD_AND_REVIEW_RIGHTS,BLOCKED_PENDING_RIGHTS_REVIEW,NO,DC2-B_STANDARD_EXTENSION
ING-0195,Налим,Налим,Налим,B_MULTI_SOURCE_REFERENCE,NEW_FOOD_CANDIDATE,,MEDIUM,1,USSR82-296,3,366,0,,LABEL_MATCH_OR_COMPATIBLE_TEXT,NO_ACCEPTED_FAMILYFOODOS_IDENTITY_YET,NOT_APPLICABLE_NO_ACCEPTED_FOOD_MAPPING,NOT_APPLICABLE_NO_ACCEPTED_PROFILE,FIC_FGBUN_2024_SEARCH_TARGET,,SOURCE_FAMILY_SEARCH_TARGET_EXACT_RECORD_UNVERIFIED,SEARCH_FIC_FGBUN_THEN_PIN_EXACT_RECORD_AND_REVIEW_RIGHTS,BLOCKED_PENDING_RIGHTS_REVIEW,NO,DC2-B_STANDARD_EXTENSION
ING-0197,Хлебный квас,Хлебный квас,Квас хлебный,B_MULTI_SOURCE_REFERENCE,NEW_FOOD_CANDIDATE,,MEDIUM,1,USSR82-312,3,2100,0,,LABEL_MATCH_OR_COMPATIBLE_TEXT,NO_ACCEPTED_FAMILYFOODOS_IDENTITY_YET,NOT_APPLICABLE_NO_ACCEPTED_FOOD_MAPPING,NOT_APPLICABLE_NO_ACCEPTED_PROFILE,FIC_FGBUN_2024_SEARCH_TARGET,,SOURCE_FAMILY_SEARCH_TARGET_EXACT_RECORD_UNVERIFIED,SEARCH_FIC_FGBUN_THEN_PIN_EXACT_RECORD_AND_REVIEW_RIGHTS,BLOCKED_PENDING_RIGHTS_REVIEW,NO,DC2-B_STANDARD_EXTENSION
ING-0207,Укроп,Укроп,Укроп,C_PROXY,FORM_SPLIT_CANDIDATE,,HIGH,2,USSR82-296 | USSR82-312,6,72,0,,LABEL_MATCH_OR_COMPATIBLE_TEXT,NO_ACCEPTED_FAMILYFOODOS_IDENTITY_YET,NOT_APPLICABLE_NO_ACCEPTED_FOOD_MAPPING,NOT_APPLICABLE_NO_ACCEPTED_PROFILE,,,BLOCKED_FORM_SELECTION_BEFORE_AUTHORITY,SELECT_EXACT_FORM_THEN_ASSIGN_AUTHORITY,UNRESOLVED_UNTIL_FORM_SELECTION,NO,DC2-C_IDENTITY_FORM_REVIEW
ING-0209,Крупа кукурузная,Крупа кукурузная,Кукурузная крупа,A_REFERENCE,NEW_FOOD_CANDIDATE,,MEDIUM,1,USSR82-259,3,180,0,,LABEL_MATCH_OR_COMPATIBLE_TEXT,NO_ACCEPTED_FAMILYFOODOS_IDENTITY_YET,NOT_APPLICABLE_NO_ACCEPTED_FOOD_MAPPING,NOT_APPLICABLE_NO_ACCEPTED_PROFILE,FIC_FGBUN_2024_SEARCH_TARGET,,SOURCE_FAMILY_SEARCH_TARGET_EXACT_RECORD_UNVERIFIED,SEARCH_FIC_FGBUN_THEN_PIN_EXACT_RECORD_AND_REVIEW_RIGHTS,BLOCKED_PENDING_RIGHTS_REVIEW,NO,DC2-B_STANDARD_EXTENSION
ING-0210,Крупа ячневая,Крупа ячневая,Крупа ячневая,B_MULTI_SOURCE_REFERENCE,NEW_FOOD_CANDIDATE,,MEDIUM,1,USSR82-259,3,240,0,,LABEL_MATCH_OR_COMPATIBLE_TEXT,NO_ACCEPTED_FAMILYFOODOS_IDENTITY_YET,NOT_APPLICABLE_NO_ACCEPTED_FOOD_MAPPING,NOT_APPLICABLE_NO_ACCEPTED_PROFILE,FIC_FGBUN_2024_SEARCH_TARGET,,SOURCE_FAMILY_SEARCH_TARGET_EXACT_RECORD_UNVERIFIED,SEARCH_FIC_FGBUN_THEN_PIN_EXACT_RECORD_AND_REVIEW_RIGHTS,BLOCKED_PENDING_RIGHTS_REVIEW,NO,DC2-B_STANDARD_EXTENSION
ING-0221,Хрен (корень),Хрен (корень),Хрен (корень),A_REFERENCE,FORM_SPLIT_CANDIDATE,,MEDIUM,1,USSR82-312,3,90,0,,LABEL_MATCH_OR_COMPATIBLE_TEXT,NO_ACCEPTED_FAMILYFOODOS_IDENTITY_YET,NOT_APPLICABLE_NO_ACCEPTED_FOOD_MAPPING,NOT_APPLICABLE_NO_ACCEPTED_PROFILE,,,BLOCKED_FORM_SELECTION_BEFORE_AUTHORITY,SELECT_EXACT_FORM_THEN_ASSIGN_AUTHORITY,UNRESOLVED_UNTIL_FORM_SELECTION,NO,DC2-C_IDENTITY_FORM_REVIEW
ING-0227,Груша,Груша,Груши,A_REFERENCE,EXACT_EXISTING,PEAR,HIGH,1,USSR82-314,6,1369,0,,LABEL_MATCH_OR_COMPATIBLE_TEXT,REUSE_ACCEPTED_MAPPING,PRESENT_IN_REQUIRED_PRODUCTION_SEED,PROFILE_PRESENT_FORM_REVIEW_REQUIRED,USDA_FDC:746773@2026-04-30:Foundation,746773,EXISTING_PROFILE_PROVENANCE_IDENTIFIED_FORM_REVIEW_REQUIRED,,OPEN_REUSE_CURRENT_PROFILE,NO,REUSE_EXISTING_PROFILE_FORM_REVIEW
ING-0228,Слива,Слива,Слива,A_REFERENCE,EXACT_EXISTING,PLUM,HIGH,2,USSR82-314 | USSR82-319,4,1000,0,,LABEL_MATCH_OR_COMPATIBLE_TEXT,REUSE_ACCEPTED_MAPPING,PRESENT_IN_REQUIRED_PRODUCTION_SEED,PROFILE_PRESENT_FORM_REVIEW_REQUIRED,USDA_FDC:2710837@2026-04-30:Foundation,2710837,EXISTING_PROFILE_PROVENANCE_IDENTIFIED_FORM_REVIEW_REQUIRED,,OPEN_REUSE_CURRENT_PROFILE,NO,REUSE_EXISTING_PROFILE_FORM_REVIEW
ING-0229,Крахмал картофельный,Крахмал картофельный,Крахмал картофельный,B_MULTI_SOURCE_REFERENCE,NEW_FOOD_CANDIDATE,,MEDIUM,5,USSR82-314 | USSR82-317 | USSR82-318 | USSR82-319 | USSR82-320,58,1156,0,,LABEL_MATCH_OR_COMPATIBLE_TEXT,NO_ACCEPTED_FAMILYFOODOS_IDENTITY_YET,NOT_APPLICABLE_NO_ACCEPTED_FOOD_MAPPING,NOT_APPLICABLE_NO_ACCEPTED_PROFILE,FIC_FGBUN_2024_SEARCH_TARGET,,SOURCE_FAMILY_SEARCH_TARGET_EXACT_RECORD_UNVERIFIED,SEARCH_FIC_FGBUN_THEN_PIN_EXACT_RECORD_AND_REVIEW_RIGHTS,BLOCKED_PENDING_RIGHTS_REVIEW,NO,DC2-A_HIGH_IMPACT
ING-0230,Корица,Корица,Корица,A_REFERENCE,ALIAS_EXISTING,CINNAMON_GROUND,HIGH,5,USSR82-314 | USSR82-317 | USSR82-319 | USSR82-320 | USSR82-351,13,12.1,0,,LABEL_MATCH_OR_COMPATIBLE_TEXT,REUSE_ACCEPTED_MAPPING,PRESENT_IN_REQUIRED_PRODUCTION_SEED,PROFILE_PRESENT_FORM_REVIEW_REQUIRED,USDA_FDC:171320@2018-04:SR Legacy,171320,EXISTING_PROFILE_PROVENANCE_IDENTIFIED_FORM_REVIEW_REQUIRED,,OPEN_REUSE_CURRENT_PROFILE,NO,REUSE_EXISTING_PROFILE_FORM_REVIEW
ING-0234,Яблоки сушеные,Яблоки сушеные,Яблоки сушеные,A_REFERENCE,FORM_SPLIT_CANDIDATE,,HIGH,2,USSR82-317 | USSR82-320,4,400,0,,LABEL_MATCH_OR_COMPATIBLE_TEXT,NO_ACCEPTED_FAMILYFOODOS_IDENTITY_YET,NOT_APPLICABLE_NO_ACCEPTED_FOOD_MAPPING,NOT_APPLICABLE_NO_ACCEPTED_PROFILE,,,BLOCKED_FORM_SELECTION_BEFORE_AUTHORITY,SELECT_EXACT_FORM_THEN_ASSIGN_AUTHORITY,UNRESOLVED_UNTIL_FORM_SELECTION,NO,DC2-C_IDENTITY_FORM_REVIEW
ING-0235,Груши сушеные,Груши сушеные,Груши сушеные,A_REFERENCE,FORM_SPLIT_CANDIDATE,,HIGH,1,USSR82-317,3,450,0,,LABEL_MATCH_OR_COMPATIBLE_TEXT,NO_ACCEPTED_FAMILYFOODOS_IDENTITY_YET,NOT_APPLICABLE_NO_ACCEPTED_FOOD_MAPPING,NOT_APPLICABLE_NO_ACCEPTED_PROFILE,,,BLOCKED_FORM_SELECTION_BEFORE_AUTHORITY,SELECT_EXACT_FORM_THEN_ASSIGN_AUTHORITY,UNRESOLVED_UNTIL_FORM_SELECTION,NO,DC2-C_IDENTITY_FORM_REVIEW
ING-0236,Курага,Курага,Курага,A_REFERENCE,NEW_FOOD_CANDIDATE,,MEDIUM,3,USSR82-317 | USSR82-318 | USSR82-320,4,440,0,,LABEL_MATCH_OR_COMPATIBLE_TEXT,NO_ACCEPTED_FAMILYFOODOS_IDENTITY_YET,NOT_APPLICABLE_NO_ACCEPTED_FOOD_MAPPING,NOT_APPLICABLE_NO_ACCEPTED_PROFILE,FIC_FGBUN_2024_SEARCH_TARGET,,SOURCE_FAMILY_SEARCH_TARGET_EXACT_RECORD_UNVERIFIED,SEARCH_FIC_FGBUN_THEN_PIN_EXACT_RECORD_AND_REVIEW_RIGHTS,BLOCKED_PENDING_RIGHTS_REVIEW,NO,DC2-B_STANDARD_EXTENSION
ING-0237,Урюк,Урюк,Урюк,B_REFERENCE,NEW_FOOD_CANDIDATE,,MEDIUM,1,USSR82-317,3,460,0,,LABEL_MATCH_OR_COMPATIBLE_TEXT,NO_ACCEPTED_FAMILYFOODOS_IDENTITY_YET,NOT_APPLICABLE_NO_ACCEPTED_FOOD_MAPPING,NOT_APPLICABLE_NO_ACCEPTED_PROFILE,FIC_FGBUN_2024_SEARCH_TARGET,,SOURCE_FAMILY_SEARCH_TARGET_EXACT_RECORD_UNVERIFIED,SEARCH_FIC_FGBUN_THEN_PIN_EXACT_RECORD_AND_REVIEW_RIGHTS,BLOCKED_PENDING_RIGHTS_REVIEW,NO,DC2-B_STANDARD_EXTENSION
ING-0238,Ревень,Ревень,Ревень овощной свежий,A_REFERENCE,NEW_FOOD_CANDIDATE,,MEDIUM,1,USSR82-318,1,100,0,,LABEL_MATCH_OR_COMPATIBLE_TEXT,NO_ACCEPTED_FAMILYFOODOS_IDENTITY_YET,NOT_APPLICABLE_NO_ACCEPTED_FOOD_MAPPING,NOT_APPLICABLE_NO_ACCEPTED_PROFILE,FIC_FGBUN_2024_SEARCH_TARGET,,SOURCE_FAMILY_SEARCH_TARGET_EXACT_RECORD_UNVERIFIED,SEARCH_FIC_FGBUN_THEN_PIN_EXACT_RECORD_AND_REVIEW_RIGHTS,BLOCKED_PENDING_RIGHTS_REVIEW,NO,DC2-B_STANDARD_EXTENSION
ING-0239,Малина,Малина,Малина,A_REFERENCE,EXACT_EXISTING,RASPBERRY,HIGH,1,USSR82-319,3,880,0,,LABEL_MATCH_OR_COMPATIBLE_TEXT,REUSE_ACCEPTED_MAPPING,PRESENT_IN_REQUIRED_PRODUCTION_SEED,PROFILE_PRESENT_FORM_REVIEW_REQUIRED,USDA_FDC:2346410@2026-04-30:Foundation,2346410,EXISTING_PROFILE_PROVENANCE_IDENTIFIED_FORM_REVIEW_REQUIRED,,OPEN_REUSE_CURRENT_PROFILE,NO,REUSE_EXISTING_PROFILE_FORM_REVIEW
ING-0240,Земляника садовая,Земляника садовая,Земляника садовая,A_REFERENCE,NEW_FOOD_CANDIDATE,,MEDIUM,1,USSR82-319,3,880,0,,LABEL_MATCH_OR_COMPATIBLE_TEXT,NO_ACCEPTED_FAMILYFOODOS_IDENTITY_YET,NOT_APPLICABLE_NO_ACCEPTED_FOOD_MAPPING,NOT_APPLICABLE_NO_ACCEPTED_PROFILE,FIC_FGBUN_2024_SEARCH_TARGET,,SOURCE_FAMILY_SEARCH_TARGET_EXACT_RECORD_UNVERIFIED,SEARCH_FIC_FGBUN_THEN_PIN_EXACT_RECORD_AND_REVIEW_RIGHTS,BLOCKED_PENDING_RIGHTS_REVIEW,NO,DC2-B_STANDARD_EXTENSION
ING-0241,Черника,Черника,Черника,A_REFERENCE,NEW_FOOD_CANDIDATE,,MEDIUM,1,USSR82-319,3,880,0,,LABEL_MATCH_OR_COMPATIBLE_TEXT,NO_ACCEPTED_FAMILYFOODOS_IDENTITY_YET,NOT_APPLICABLE_NO_ACCEPTED_FOOD_MAPPING,NOT_APPLICABLE_NO_ACCEPTED_PROFILE,FIC_FGBUN_2024_SEARCH_TARGET,,SOURCE_FAMILY_SEARCH_TARGET_EXACT_RECORD_UNVERIFIED,SEARCH_FIC_FGBUN_THEN_PIN_EXACT_RECORD_AND_REVIEW_RIGHTS,BLOCKED_PENDING_RIGHTS_REVIEW,NO,DC2-B_STANDARD_EXTENSION
ING-0242,Вишня,Вишня,Вишня,A_REFERENCE,NEW_FOOD_CANDIDATE,,MEDIUM,1,USSR82-319,3,880,0,,LABEL_MATCH_OR_COMPATIBLE_TEXT,NO_ACCEPTED_FAMILYFOODOS_IDENTITY_YET,NOT_APPLICABLE_NO_ACCEPTED_FOOD_MAPPING,NOT_APPLICABLE_NO_ACCEPTED_PROFILE,FIC_FGBUN_2024_SEARCH_TARGET,,SOURCE_FAMILY_SEARCH_TARGET_EXACT_RECORD_UNVERIFIED,SEARCH_FIC_FGBUN_THEN_PIN_EXACT_RECORD_AND_REVIEW_RIGHTS,BLOCKED_PENDING_RIGHTS_REVIEW,NO,DC2-B_STANDARD_EXTENSION
ING-0243,Черешня,Черешня,Черешня,A_REFERENCE,EXACT_EXISTING,CHERRY_SWEET,HIGH,1,USSR82-319,3,880,0,,LABEL_MATCH_OR_COMPATIBLE_TEXT,REUSE_ACCEPTED_MAPPING,PRESENT_IN_REQUIRED_PRODUCTION_SEED,PROFILE_PRESENT_FORM_REVIEW_REQUIRED,USDA_FDC:2346399@2026-04-30:Foundation,2346399,EXISTING_PROFILE_PROVENANCE_IDENTIFIED_FORM_REVIEW_REQUIRED,,OPEN_REUSE_CURRENT_PROFILE,NO,REUSE_EXISTING_PROFILE_FORM_REVIEW
ING-0244,Персик,Персик,Персики,A_REFERENCE,EXACT_EXISTING,PEACH,HIGH,1,USSR82-319,3,880,0,,LABEL_MATCH_OR_COMPATIBLE_TEXT,REUSE_ACCEPTED_MAPPING,PRESENT_IN_REQUIRED_PRODUCTION_SEED,PROFILE_PRESENT_FORM_REVIEW_REQUIRED,USDA_FDC:325430@2026-04-30:Foundation,325430,EXISTING_PROFILE_PROVENANCE_IDENTIFIED_FORM_REVIEW_REQUIRED,,OPEN_REUSE_CURRENT_PROFILE,NO,REUSE_EXISTING_PROFILE_FORM_REVIEW
ING-0245,Абрикос,Абрикос,Абрикосы,A_REFERENCE,EXACT_EXISTING,APRICOT,HIGH,1,USSR82-319,3,880,0,,LABEL_MATCH_OR_COMPATIBLE_TEXT,REUSE_ACCEPTED_MAPPING,PRESENT_IN_REQUIRED_PRODUCTION_SEED,PROFILE_PRESENT_FORM_REVIEW_REQUIRED,USDA_FDC:2710815@2026-04-30:Foundation,2710815,EXISTING_PROFILE_PROVENANCE_IDENTIFIED_FORM_REVIEW_REQUIRED,,OPEN_REUSE_CURRENT_PROFILE,NO,REUSE_EXISTING_PROFILE_FORM_REVIEW
ING-0246,Клюква,Клюква,Клюква,A_REFERENCE,FORM_SPLIT_CANDIDATE,,HIGH,1,USSR82-319,3,390,0,,LABEL_MATCH_OR_COMPATIBLE_TEXT,NO_ACCEPTED_FAMILYFOODOS_IDENTITY_YET,NOT_APPLICABLE_NO_ACCEPTED_FOOD_MAPPING,NOT_APPLICABLE_NO_ACCEPTED_PROFILE,,,BLOCKED_FORM_SELECTION_BEFORE_AUTHORITY,SELECT_EXACT_FORM_THEN_ASSIGN_AUTHORITY,UNRESOLVED_UNTIL_FORM_SELECTION,NO,DC2-C_IDENTITY_FORM_REVIEW
ING-0248,Пиво Жигулевское,Пиво Жигулевское,"Пиво ""Жигулевское""",A_REFERENCE,NEW_FOOD_CANDIDATE,,MEDIUM,1,USSR82-322,1,300,0,,LABEL_MATCH_OR_COMPATIBLE_TEXT,NO_ACCEPTED_FAMILYFOODOS_IDENTITY_YET,NOT_APPLICABLE_NO_ACCEPTED_FOOD_MAPPING,NOT_APPLICABLE_NO_ACCEPTED_PROFILE,FIC_FGBUN_2024_SEARCH_TARGET,,SOURCE_FAMILY_SEARCH_TARGET_EXACT_RECORD_UNVERIFIED,SEARCH_FIC_FGBUN_THEN_PIN_EXACT_RECORD_AND_REVIEW_RIGHTS,BLOCKED_PENDING_RIGHTS_REVIEW,NO,DC2-B_STANDARD_EXTENSION
ING-0267,Кольраби,Кольраби,Кольраби,A_REFERENCE,NEW_FOOD_CANDIDATE,,MEDIUM,1,USSR82-365,3,1160,0,,LABEL_MATCH_OR_COMPATIBLE_TEXT,NO_ACCEPTED_FAMILYFOODOS_IDENTITY_YET,NOT_APPLICABLE_NO_ACCEPTED_FOOD_MAPPING,NOT_APPLICABLE_NO_ACCEPTED_PROFILE,FIC_FGBUN_2024_SEARCH_TARGET,,SOURCE_FAMILY_SEARCH_TARGET_EXACT_RECORD_UNVERIFIED,SEARCH_FIC_FGBUN_THEN_PIN_EXACT_RECORD_AND_REVIEW_RIGHTS,BLOCKED_PENDING_RIGHTS_REVIEW,NO,DC2-B_STANDARD_EXTENSION
ING-0294,Яичный порошок,Яичный порошок,Яичный порошок,A_REFERENCE,FORM_SPLIT_CANDIDATE,,MEDIUM,1,USSR82-468,2,50,0,,LABEL_MATCH_OR_COMPATIBLE_TEXT,NO_ACCEPTED_FAMILYFOODOS_IDENTITY_YET,NOT_APPLICABLE_NO_ACCEPTED_FOOD_MAPPING,NOT_APPLICABLE_NO_ACCEPTED_PROFILE,,,BLOCKED_FORM_SELECTION_BEFORE_AUTHORITY,SELECT_EXACT_FORM_THEN_ASSIGN_AUTHORITY,UNRESOLVED_UNTIL_FORM_SELECTION,NO,DC2-C_IDENTITY_FORM_REVIEW
ING-0295,Хлеб ржаной,Хлеб ржаной,Хлеб ржаной,A_REFERENCE,NEW_FOOD_CANDIDATE,,MEDIUM,1,USSR82-464,2,90,0,,LABEL_MATCH_OR_COMPATIBLE_TEXT,NO_ACCEPTED_FAMILYFOODOS_IDENTITY_YET,NOT_APPLICABLE_NO_ACCEPTED_FOOD_MAPPING,NOT_APPLICABLE_NO_ACCEPTED_PROFILE,FIC_FGBUN_2024_SEARCH_TARGET,,SOURCE_FAMILY_SEARCH_TARGET_EXACT_RECORD_UNVERIFIED,SEARCH_FIC_FGBUN_THEN_PIN_EXACT_RECORD_AND_REVIEW_RIGHTS,BLOCKED_PENDING_RIGHTS_REVIEW,NO,DC2-B_STANDARD_EXTENSION
