source_shard,relationship_source,source_recipe_id,recipe_no,recipe_name,category,variant,original_ingredient_id,resolved_ingredient_id,v22_5_canonical_ingredient,original_ingredient,amount_g,amount_status,choice_group,optional,relationship_source_url,nutrient_input_eligible
russian_normative_recipes_v22_5_row_nutrients_part4.xlsx,v17_pasta,USSR82-451,451,Макаронник,Макаронные изделия,II,ING-0006,ING-0006,Вода,Вода,150,verified_primary_net,,NO,https://studopedia.net/6_116760_rashoda-sirya-vihoda-polufabrikatov-i-gotovih-izdeliy.html,YES
russian_normative_recipes_v22_5_row_nutrients_part4.xlsx,v17_pasta,USSR82-451,451,Макаронник,Макаронные изделия,II,ING-0029,ING-0029,Макаронные изделия,Макароны сухие,75,verified_primary_net,,NO,https://studopedia.net/6_116760_rashoda-sirya-vihoda-polufabrikatov-i-gotovih-izdeliy.html,YES
russian_normative_recipes_v22_5_row_nutrients_part4.xlsx,v17_pasta,USSR82-451,451,Макаронник,Макаронные изделия,II,ING-0030,ING-0030,Маргарин столовый,Маргарин при отпуске,10,verified_primary_alternative,service_fat,NO,https://studopedia.net/6_116760_rashoda-sirya-vihoda-polufabrikatov-i-gotovih-izdeliy.html,YES
russian_normative_recipes_v22_5_row_nutrients_part4.xlsx,v17_pasta,USSR82-451,451,Макаронник,Макаронные изделия,II,ING-0030,ING-0030,Маргарин столовый,Маргарин столовый,5,verified_primary_net,,NO,https://studopedia.net/6_116760_rashoda-sirya-vihoda-polufabrikatov-i-gotovih-izdeliy.html,YES
russian_normative_recipes_v22_5_row_nutrients_part4.xlsx,v17_pasta,USSR82-451,451,Макаронник,Макаронные изделия,II,ING-0032,ING-0032,Масло сливочное,Масло сливочное при отпуске,10,verified_primary_alternative,service_fat,NO,https://studopedia.net/6_116760_rashoda-sirya-vihoda-polufabrikatov-i-gotovih-izdeliy.html,YES
russian_normative_recipes_v22_5_row_nutrients_part4.xlsx,v17_pasta,USSR82-451,451,Макаронник,Макаронные изделия,II,ING-0034,ING-0034,"Молоко 3,2%",Молоко,100,verified_primary_net,,NO,https://studopedia.net/6_116760_rashoda-sirya-vihoda-polufabrikatov-i-gotovih-izdeliy.html,YES
russian_normative_recipes_v22_5_row_nutrients_part4.xlsx,v17_pasta,USSR82-451,451,Макаронник,Макаронные изделия,II,ING-0042,ING-0042,Сахар,Сахар,10,verified_primary_net,,NO,https://studopedia.net/6_116760_rashoda-sirya-vihoda-polufabrikatov-i-gotovih-izdeliy.html,YES
russian_normative_recipes_v22_5_row_nutrients_part4.xlsx,v17_pasta,USSR82-451,451,Макаронник,Макаронные изделия,II,ING-0053,ING-0053,Сухари панировочные,Сухари,5,verified_primary_net,,NO,https://studopedia.net/6_116760_rashoda-sirya-vihoda-polufabrikatov-i-gotovih-izdeliy.html,YES
russian_normative_recipes_v22_5_row_nutrients_part4.xlsx,v17_pasta,USSR82-451,451,Макаронник,Макаронные изделия,II,ING-0071,ING-0071,Яйцо куриное,Яйца,20,verified_primary_net,,NO,https://studopedia.net/6_116760_rashoda-sirya-vihoda-polufabrikatov-i-gotovih-izdeliy.html,YES
russian_normative_recipes_v22_5_row_nutrients_part4.xlsx,v17_pasta,USSR82-451,451,Макаронник,Макаронные изделия,III,ING-0006,ING-0006,Вода,Вода,230,verified_primary_net,,NO,https://studopedia.net/6_116760_rashoda-sirya-vihoda-polufabrikatov-i-gotovih-izdeliy.html,YES
russian_normative_recipes_v22_5_row_nutrients_part4.xlsx,v17_pasta,USSR82-451,451,Макаронник,Макаронные изделия,III,ING-0029,ING-0029,Макаронные изделия,Макароны сухие,80,verified_primary_net,,NO,https://studopedia.net/6_116760_rashoda-sirya-vihoda-polufabrikatov-i-gotovih-izdeliy.html,YES
russian_normative_recipes_v22_5_row_nutrients_part4.xlsx,v17_pasta,USSR82-451,451,Макаронник,Макаронные изделия,III,ING-0030,ING-0030,Маргарин столовый,Маргарин при отпуске,10,verified_primary_alternative,service_fat,NO,https://studopedia.net/6_116760_rashoda-sirya-vihoda-polufabrikatov-i-gotovih-izdeliy.html,YES
russian_normative_recipes_v22_5_row_nutrients_part4.xlsx,v17_pasta,USSR82-451,451,Макаронник,Макаронные изделия,III,ING-0030,ING-0030,Маргарин столовый,Маргарин столовый,5,verified_primary_net,,NO,https://studopedia.net/6_116760_rashoda-sirya-vihoda-polufabrikatov-i-gotovih-izdeliy.html,YES
russian_normative_recipes_v22_5_row_nutrients_part4.xlsx,v17_pasta,USSR82-451,451,Макаронник,Макаронные изделия,III,ING-0032,ING-0032,Масло сливочное,Масло сливочное при отпуске,10,verified_primary_alternative,service_fat,NO,https://studopedia.net/6_116760_rashoda-sirya-vihoda-polufabrikatov-i-gotovih-izdeliy.html,YES
russian_normative_recipes_v22_5_row_nutrients_part4.xlsx,v17_pasta,USSR82-451,451,Макаронник,Макаронные изделия,III,ING-0042,ING-0042,Сахар,Сахар,10,verified_primary_net,,NO,https://studopedia.net/6_116760_rashoda-sirya-vihoda-polufabrikatov-i-gotovih-izdeliy.html,YES
russian_normative_recipes_v22_5_row_nutrients_part4.xlsx,v17_pasta,USSR82-451,451,Макаронник,Макаронные изделия,III,ING-0053,ING-0053,Сухари панировочные,Сухари,5,verified_primary_net,,NO,https://studopedia.net/6_116760_rashoda-sirya-vihoda-polufabrikatov-i-gotovih-izdeliy.html,YES
russian_normative_recipes_v22_5_row_nutrients_part4.xlsx,v17_pasta,USSR82-451,451,Макаронник,Макаронные изделия,III,ING-0071,ING-0071,Яйцо куриное,Яйца,10,verified_primary_net,,NO,https://studopedia.net/6_116760_rashoda-sirya-vihoda-polufabrikatov-i-gotovih-izdeliy.html,YES
russian_normative_recipes_v22_5_row_nutrients_part4.xlsx,v15_eggs_late340,USSR82-459,459,Яичница глазунья (натуральная),Блюда из яиц,I,ING-0030,ING-0030,Маргарин столовый,Маргарин столовый,10,verified_primary_alternative,fat,NO,https://studopedia.net/6_116761_rashoda-sirya-vihoda-polufabrikatov-i-gotovih-izdeliy.html,YES
russian_normative_recipes_v22_5_row_nutrients_part4.xlsx,v15_eggs_late340,USSR82-459,459,Яичница глазунья (натуральная),Блюда из яиц,I,ING-0032,ING-0032,Масло сливочное,Масло сливочное,10,verified_primary_alternative,fat,NO,https://studopedia.net/6_116761_rashoda-sirya-vihoda-polufabrikatov-i-gotovih-izdeliy.html,YES
russian_normative_recipes_v22_5_row_nutrients_part4.xlsx,v15_eggs_late340,USSR82-459,459,Яичница глазунья (натуральная),Блюда из яиц,I,ING-0071,ING-0071,Яйцо куриное,Яйца,120,verified_primary_net,,NO,https://studopedia.net/6_116761_rashoda-sirya-vihoda-polufabrikatov-i-gotovih-izdeliy.html,YES
russian_normative_recipes_v22_5_row_nutrients_part4.xlsx,v15_eggs_late340,USSR82-459,459,Яичница глазунья (натуральная),Блюда из яиц,II,ING-0030,ING-0030,Маргарин столовый,Маргарин столовый,10,verified_primary_alternative,fat,NO,https://studopedia.net/6_116761_rashoda-sirya-vihoda-polufabrikatov-i-gotovih-izdeliy.html,YES
russian_normative_recipes_v22_5_row_nutrients_part4.xlsx,v15_eggs_late340,USSR82-459,459,Яичница глазунья (натуральная),Блюда из яиц,II,ING-0032,ING-0032,Масло сливочное,Масло сливочное,10,verified_primary_alternative,fat,NO,https://studopedia.net/6_116761_rashoda-sirya-vihoda-polufabrikatov-i-gotovih-izdeliy.html,YES
russian_normative_recipes_v22_5_row_nutrients_part4.xlsx,v15_eggs_late340,USSR82-459,459,Яичница глазунья (натуральная),Блюда из яиц,II,ING-0071,ING-0071,Яйцо куриное,Яйца,120,verified_primary_net,,NO,https://studopedia.net/6_116761_rashoda-sirya-vihoda-polufabrikatov-i-gotovih-izdeliy.html,YES
russian_normative_recipes_v22_5_row_nutrients_part4.xlsx,v15_eggs_late340,USSR82-459,459,Яичница глазунья (натуральная),Блюда из яиц,III,ING-0030,ING-0030,Маргарин столовый,Маргарин столовый,10,verified_primary_alternative,fat,NO,https://studopedia.net/6_116761_rashoda-sirya-vihoda-polufabrikatov-i-gotovih-izdeliy.html,YES
russian_normative_recipes_v22_5_row_nutrients_part4.xlsx,v15_eggs_late340,USSR82-459,459,Яичница глазунья (натуральная),Блюда из яиц,III,ING-0032,ING-0032,Масло сливочное,Масло сливочное,10,verified_primary_alternative,fat,NO,https://studopedia.net/6_116761_rashoda-sirya-vihoda-polufabrikatov-i-gotovih-izdeliy.html,YES
russian_normative_recipes_v22_5_row_nutrients_part4.xlsx,v15_eggs_late340,USSR82-459,459,Яичница глазунья (натуральная),Блюда из яиц,III,ING-0071,ING-0071,Яйцо куриное,Яйца,80,verified_primary_net,,NO,https://studopedia.net/6_116761_rashoda-sirya-vihoda-polufabrikatov-i-gotovih-izdeliy.html,YES
russian_normative_recipes_v22_5_row_nutrients_part4.xlsx,v15_eggs_late340,USSR82-460,460,Яичница глазунья со шпиком,Блюда из яиц,I,ING-0069,ING-0069,Шпик,Шпик,39,verified_primary_net,,NO,https://studopedia.net/6_116761_rashoda-sirya-vihoda-polufabrikatov-i-gotovih-izdeliy.html,YES
russian_normative_recipes_v22_5_row_nutrients_part4.xlsx,v15_eggs_late340,USSR82-460,460,Яичница глазунья со шпиком,Блюда из яиц,I,ING-0071,ING-0071,Яйцо куриное,Яйца,120,verified_primary_net,,NO,https://studopedia.net/6_116761_rashoda-sirya-vihoda-polufabrikatov-i-gotovih-izdeliy.html,YES
russian_normative_recipes_v22_5_row_nutrients_part4.xlsx,v15_eggs_late340,USSR82-460,460,Яичница глазунья со шпиком,Блюда из яиц,II,ING-0069,ING-0069,Шпик,Шпик,34,verified_primary_net,,NO,https://studopedia.net/6_116761_rashoda-sirya-vihoda-polufabrikatov-i-gotovih-izdeliy.html,YES
russian_normative_recipes_v22_5_row_nutrients_part4.xlsx,v15_eggs_late340,USSR82-460,460,Яичница глазунья со шпиком,Блюда из яиц,II,ING-0071,ING-0071,Яйцо куриное,Яйца,80,verified_primary_net,,NO,https://studopedia.net/6_116761_rashoda-sirya-vihoda-polufabrikatov-i-gotovih-izdeliy.html,YES
russian_normative_recipes_v22_5_row_nutrients_part4.xlsx,v15_eggs_late340,USSR82-460,460,Яичница глазунья со шпиком,Блюда из яиц,III,ING-0069,ING-0069,Шпик,Шпик,22,verified_primary_net,,NO,https://studopedia.net/6_116761_rashoda-sirya-vihoda-polufabrikatov-i-gotovih-izdeliy.html,YES
russian_normative_recipes_v22_5_row_nutrients_part4.xlsx,v15_eggs_late340,USSR82-460,460,Яичница глазунья со шпиком,Блюда из яиц,III,ING-0071,ING-0071,Яйцо куриное,Яйца,80,verified_primary_net,,NO,https://studopedia.net/6_116761_rashoda-sirya-vihoda-polufabrikatov-i-gotovih-izdeliy.html,YES
russian_normative_recipes_v22_5_row_nutrients_part4.xlsx,v15_eggs_late340,USSR82-461,461,Яичница глазунья с луком,Блюда из яиц,I-green,ING-0027,ING-0027,Лук зеленый,Лук зеленый,10,verified_primary_net,,NO,https://studopedia.net/6_116761_rashoda-sirya-vihoda-polufabrikatov-i-gotovih-izdeliy.html,YES
russian_normative_recipes_v22_5_row_nutrients_part4.xlsx,v15_eggs_late340,USSR82-461,461,Яичница глазунья с луком,Блюда из яиц,I-green,ING-0030,ING-0030,Маргарин столовый,Маргарин,10,verified_primary_net,,NO,https://studopedia.net/6_116761_rashoda-sirya-vihoda-polufabrikatov-i-gotovih-izdeliy.html,YES
russian_normative_recipes_v22_5_row_nutrients_part4.xlsx,v15_eggs_late340,USSR82-461,461,Яичница глазунья с луком,Блюда из яиц,I-green,ING-0071,ING-0071,Яйцо куриное,Яйца,120,verified_primary_net,,NO,https://studopedia.net/6_116761_rashoda-sirya-vihoda-polufabrikatov-i-gotovih-izdeliy.html,YES
russian_normative_recipes_v22_5_row_nutrients_part4.xlsx,v15_eggs_late340,USSR82-461,461,Яичница глазунья с луком,Блюда из яиц,I-rep,ING-0028,ING-0028,Лук репчатый,Лук репчатый,20,verified_primary_net,,NO,https://studopedia.net/6_116761_rashoda-sirya-vihoda-polufabrikatov-i-gotovih-izdeliy.html,YES
russian_normative_recipes_v22_5_row_nutrients_part4.xlsx,v15_eggs_late340,USSR82-461,461,Яичница глазунья с луком,Блюда из яиц,I-rep,ING-0030,ING-0030,Маргарин столовый,Маргарин для лука,3,verified_primary_net,,NO,https://studopedia.net/6_116761_rashoda-sirya-vihoda-polufabrikatov-i-gotovih-izdeliy.html,YES
russian_normative_recipes_v22_5_row_nutrients_part4.xlsx,v15_eggs_late340,USSR82-461,461,Яичница глазунья с луком,Блюда из яиц,I-rep,ING-0030,ING-0030,Маргарин столовый,Маргарин для яичницы,10,verified_primary_net,,NO,https://studopedia.net/6_116761_rashoda-sirya-vihoda-polufabrikatov-i-gotovih-izdeliy.html,YES
russian_normative_recipes_v22_5_row_nutrients_part4.xlsx,v15_eggs_late340,USSR82-461,461,Яичница глазунья с луком,Блюда из яиц,I-rep,ING-0071,ING-0071,Яйцо куриное,Яйца,120,verified_primary_net,,NO,https://studopedia.net/6_116761_rashoda-sirya-vihoda-polufabrikatov-i-gotovih-izdeliy.html,YES
russian_normative_recipes_v22_5_row_nutrients_part4.xlsx,v15_eggs_late340,USSR82-461,461,Яичница глазунья с луком,Блюда из яиц,II_III-green,ING-0027,ING-0027,Лук зеленый,Лук зеленый,7,verified_primary_net,,NO,https://studopedia.net/6_116761_rashoda-sirya-vihoda-polufabrikatov-i-gotovih-izdeliy.html,YES
russian_normative_recipes_v22_5_row_nutrients_part4.xlsx,v15_eggs_late340,USSR82-461,461,Яичница глазунья с луком,Блюда из яиц,II_III-green,ING-0030,ING-0030,Маргарин столовый,Маргарин,10,verified_primary_net,,NO,https://studopedia.net/6_116761_rashoda-sirya-vihoda-polufabrikatov-i-gotovih-izdeliy.html,YES
russian_normative_recipes_v22_5_row_nutrients_part4.xlsx,v15_eggs_late340,USSR82-461,461,Яичница глазунья с луком,Блюда из яиц,II_III-green,ING-0071,ING-0071,Яйцо куриное,Яйца,80,verified_primary_net,,NO,https://studopedia.net/6_116761_rashoda-sirya-vihoda-polufabrikatov-i-gotovih-izdeliy.html,YES
russian_normative_recipes_v22_5_row_nutrients_part4.xlsx,v15_eggs_late340,USSR82-461,461,Яичница глазунья с луком,Блюда из яиц,II_III-rep,ING-0028,ING-0028,Лук репчатый,Лук репчатый,14,verified_primary_net,,NO,https://studopedia.net/6_116761_rashoda-sirya-vihoda-polufabrikatov-i-gotovih-izdeliy.html,YES
russian_normative_recipes_v22_5_row_nutrients_part4.xlsx,v15_eggs_late340,USSR82-461,461,Яичница глазунья с луком,Блюда из яиц,II_III-rep,ING-0030,ING-0030,Маргарин столовый,Маргарин для лука,2,verified_primary_net,,NO,https://studopedia.net/6_116761_rashoda-sirya-vihoda-polufabrikatov-i-gotovih-izdeliy.html,YES
russian_normative_recipes_v22_5_row_nutrients_part4.xlsx,v15_eggs_late340,USSR82-461,461,Яичница глазунья с луком,Блюда из яиц,II_III-rep,ING-0030,ING-0030,Маргарин столовый,Маргарин для яичницы,10,verified_primary_net,,NO,https://studopedia.net/6_116761_rashoda-sirya-vihoda-polufabrikatov-i-gotovih-izdeliy.html,YES
russian_normative_recipes_v22_5_row_nutrients_part4.xlsx,v15_eggs_late340,USSR82-461,461,Яичница глазунья с луком,Блюда из яиц,II_III-rep,ING-0071,ING-0071,Яйцо куриное,Яйца,80,verified_primary_net,,NO,https://studopedia.net/6_116761_rashoda-sirya-vihoda-polufabrikatov-i-gotovih-izdeliy.html,YES
russian_normative_recipes_v22_5_row_nutrients_part4.xlsx,v15_eggs_late340,USSR82-462,462,Яичница глазунья с жареным картофелем,Блюда из яиц,II,ING-0019,ING-0019,Картофель,Картофель сырой,110,verified_primary_raw_with_cooked_output,,NO,https://studopedia.net/6_116761_rashoda-sirya-vihoda-polufabrikatov-i-gotovih-izdeliy.html,YES
russian_normative_recipes_v22_5_row_nutrients_part4.xlsx,v15_eggs_late340,USSR82-462,462,Яичница глазунья с жареным картофелем,Блюда из яиц,II,ING-0030,ING-0030,Маргарин столовый,Маргарин столовый,15,verified_primary_net,,NO,https://studopedia.net/6_116761_rashoda-sirya-vihoda-polufabrikatov-i-gotovih-izdeliy.html,YES
russian_normative_recipes_v22_5_row_nutrients_part4.xlsx,v15_eggs_late340,USSR82-462,462,Яичница глазунья с жареным картофелем,Блюда из яиц,II,ING-0071,ING-0071,Яйцо куриное,Яйца,80,verified_primary_net,,NO,https://studopedia.net/6_116761_rashoda-sirya-vihoda-polufabrikatov-i-gotovih-izdeliy.html,YES
russian_normative_recipes_v22_5_row_nutrients_part4.xlsx,v15_eggs_late340,USSR82-462,462,Яичница глазунья с жареным картофелем,Блюда из яиц,III,ING-0019,ING-0019,Картофель,Картофель сырой,75,verified_primary_raw_with_cooked_output,,NO,https://studopedia.net/6_116761_rashoda-sirya-vihoda-polufabrikatov-i-gotovih-izdeliy.html,YES
russian_normative_recipes_v22_5_row_nutrients_part4.xlsx,v15_eggs_late340,USSR82-462,462,Яичница глазунья с жареным картофелем,Блюда из яиц,III,ING-0030,ING-0030,Маргарин столовый,Маргарин столовый,10,verified_primary_net,,NO,https://studopedia.net/6_116761_rashoda-sirya-vihoda-polufabrikatov-i-gotovih-izdeliy.html,YES
russian_normative_recipes_v22_5_row_nutrients_part4.xlsx,v15_eggs_late340,USSR82-462,462,Яичница глазунья с жареным картофелем,Блюда из яиц,III,ING-0071,ING-0071,Яйцо куриное,Яйца,80,verified_primary_net,,NO,https://studopedia.net/6_116761_rashoda-sirya-vihoda-polufabrikatov-i-gotovih-izdeliy.html,YES
russian_normative_recipes_v22_5_row_nutrients_part4.xlsx,v15_eggs_late340,USSR82-463,463,Яичница глазунья с сыром,Блюда из яиц,I,ING-0030,ING-0030,Маргарин столовый,Маргарин столовый,10,verified_primary_net,,NO,https://studopedia.net/6_116761_rashoda-sirya-vihoda-polufabrikatov-i-gotovih-izdeliy.html,YES
russian_normative_recipes_v22_5_row_nutrients_part4.xlsx,v15_eggs_late340,USSR82-463,463,Яичница глазунья с сыром,Блюда из яиц,I,ING-0055,ING-0055,Сыр твердый,Сыр тертый,20,verified_primary_net,,NO,https://studopedia.net/6_116761_rashoda-sirya-vihoda-polufabrikatov-i-gotovih-izdeliy.html,YES
russian_normative_recipes_v22_5_row_nutrients_part4.xlsx,v15_eggs_late340,USSR82-463,463,Яичница глазунья с сыром,Блюда из яиц,I,ING-0071,ING-0071,Яйцо куриное,Яйца,120,verified_primary_net,,NO,https://studopedia.net/6_116761_rashoda-sirya-vihoda-polufabrikatov-i-gotovih-izdeliy.html,YES
russian_normative_recipes_v22_5_row_nutrients_part4.xlsx,v15_eggs_late340,USSR82-463,463,Яичница глазунья с сыром,Блюда из яиц,II_III,ING-0030,ING-0030,Маргарин столовый,Маргарин столовый,10,verified_primary_net,,NO,https://studopedia.net/6_116761_rashoda-sirya-vihoda-polufabrikatov-i-gotovih-izdeliy.html,YES
russian_normative_recipes_v22_5_row_nutrients_part4.xlsx,v15_eggs_late340,USSR82-463,463,Яичница глазунья с сыром,Блюда из яиц,II_III,ING-0055,ING-0055,Сыр твердый,Сыр тертый,15,verified_primary_net,,NO,https://studopedia.net/6_116761_rashoda-sirya-vihoda-polufabrikatov-i-gotovih-izdeliy.html,YES
russian_normative_recipes_v22_5_row_nutrients_part4.xlsx,v15_eggs_late340,USSR82-463,463,Яичница глазунья с сыром,Блюда из яиц,II_III,ING-0071,ING-0071,Яйцо куриное,Яйца,80,verified_primary_net,,NO,https://studopedia.net/6_116761_rashoda-sirya-vihoda-polufabrikatov-i-gotovih-izdeliy.html,YES
russian_normative_recipes_v22_5_row_nutrients_part4.xlsx,v15_eggs_late340,USSR82-464,464,Яичница глазунья с черным хлебом,Блюда из яиц,I,ING-0030,ING-0030,Маргарин столовый,Маргарин столовый,25,verified_primary_net,,NO,https://studopedia.net/6_116761_rashoda-sirya-vihoda-polufabrikatov-i-gotovih-izdeliy.html,YES
russian_normative_recipes_v22_5_row_nutrients_part4.xlsx,v15_eggs_late340,USSR82-464,464,Яичница глазунья с черным хлебом,Блюда из яиц,I,ING-0071,ING-0071,Яйцо куриное,Яйца,120,verified_primary_net,,NO,https://studopedia.net/6_116761_rashoda-sirya-vihoda-polufabrikatov-i-gotovih-izdeliy.html,YES
russian_normative_recipes_v22_5_row_nutrients_part4.xlsx,v15_eggs_late340,USSR82-464,464,Яичница глазунья с черным хлебом,Блюда из яиц,I,ING-0300,ING-0295,Хлеб ржаной,Хлеб ржаной,50,verified_primary_net,,NO,https://studopedia.net/6_116761_rashoda-sirya-vihoda-polufabrikatov-i-gotovih-izdeliy.html,YES
russian_normative_recipes_v22_5_row_nutrients_part4.xlsx,v15_eggs_late340,USSR82-464,464,Яичница глазунья с черным хлебом,Блюда из яиц,II_III,ING-0030,ING-0030,Маргарин столовый,Маргарин столовый,20,verified_primary_net,,NO,https://studopedia.net/6_116761_rashoda-sirya-vihoda-polufabrikatov-i-gotovih-izdeliy.html,YES
russian_normative_recipes_v22_5_row_nutrients_part4.xlsx,v15_eggs_late340,USSR82-464,464,Яичница глазунья с черным хлебом,Блюда из яиц,II_III,ING-0071,ING-0071,Яйцо куриное,Яйца,80,verified_primary_net,,NO,https://studopedia.net/6_116761_rashoda-sirya-vihoda-polufabrikatov-i-gotovih-izdeliy.html,YES
russian_normative_recipes_v22_5_row_nutrients_part4.xlsx,v15_eggs_late340,USSR82-464,464,Яичница глазунья с черным хлебом,Блюда из яиц,II_III,ING-0300,ING-0295,Хлеб ржаной,Хлеб ржаной,40,verified_primary_net,,NO,https://studopedia.net/6_116761_rashoda-sirya-vihoda-polufabrikatov-i-gotovih-izdeliy.html,YES
russian_normative_recipes_v22_5_row_nutrients_part4.xlsx,v15_eggs_late340,USSR82-468,468,Омлет из яичного порошка,Блюда из яиц,II,ING-0006,ING-0006,Вода,Вода,80,verified_primary_net,,NO,https://studopedia.net/6_116761_rashoda-sirya-vihoda-polufabrikatov-i-gotovih-izdeliy.html | https://studopedia.net/6_116762_rashoda-sirya-vihoda-polufabrikatov-i-gotovih-izdeliy.html,YES
russian_normative_recipes_v22_5_row_nutrients_part4.xlsx,v15_eggs_late340,USSR82-468,468,Омлет из яичного порошка,Блюда из яиц,II,ING-0030,ING-0030,Маргарин столовый,Маргарин для приготовления,5,verified_primary_net,,NO,https://studopedia.net/6_116761_rashoda-sirya-vihoda-polufabrikatov-i-gotovih-izdeliy.html | https://studopedia.net/6_116762_rashoda-sirya-vihoda-polufabrikatov-i-gotovih-izdeliy.html,YES
russian_normative_recipes_v22_5_row_nutrients_part4.xlsx,v15_eggs_late340,USSR82-468,468,Омлет из яичного порошка,Блюда из яиц,II,ING-0030,ING-0030,Маргарин столовый,Маргарин при отпуске,5,verified_primary_alternative,service_fat,NO,https://studopedia.net/6_116761_rashoda-sirya-vihoda-polufabrikatov-i-gotovih-izdeliy.html | https://studopedia.net/6_116762_rashoda-sirya-vihoda-polufabrikatov-i-gotovih-izdeliy.html,YES
russian_normative_recipes_v22_5_row_nutrients_part4.xlsx,v15_eggs_late340,USSR82-468,468,Омлет из яичного порошка,Блюда из яиц,II,ING-0032,ING-0032,Масло сливочное,Масло сливочное при отпуске,5,verified_primary_alternative,service_fat,NO,https://studopedia.net/6_116761_rashoda-sirya-vihoda-polufabrikatov-i-gotovih-izdeliy.html | https://studopedia.net/6_116762_rashoda-sirya-vihoda-polufabrikatov-i-gotovih-izdeliy.html,YES
russian_normative_recipes_v22_5_row_nutrients_part4.xlsx,v15_eggs_late340,USSR82-468,468,Омлет из яичного порошка,Блюда из яиц,II,ING-0034,ING-0034,"Молоко 3,2%",Молоко,25,verified_primary_net,,NO,https://studopedia.net/6_116761_rashoda-sirya-vihoda-polufabrikatov-i-gotovih-izdeliy.html | https://studopedia.net/6_116762_rashoda-sirya-vihoda-polufabrikatov-i-gotovih-izdeliy.html,YES
russian_normative_recipes_v22_5_row_nutrients_part4.xlsx,v15_eggs_late340,USSR82-468,468,Омлет из яичного порошка,Блюда из яиц,II,ING-0294,ING-0294,Яичный порошок,Яичный порошок,30,verified_primary_net,,NO,https://studopedia.net/6_116761_rashoda-sirya-vihoda-polufabrikatov-i-gotovih-izdeliy.html | https://studopedia.net/6_116762_rashoda-sirya-vihoda-polufabrikatov-i-gotovih-izdeliy.html,YES
russian_normative_recipes_v22_5_row_nutrients_part4.xlsx,v15_eggs_late340,USSR82-468,468,Омлет из яичного порошка,Блюда из яиц,III,ING-0006,ING-0006,Вода,Вода,70,verified_primary_net,,NO,https://studopedia.net/6_116761_rashoda-sirya-vihoda-polufabrikatov-i-gotovih-izdeliy.html | https://studopedia.net/6_116762_rashoda-sirya-vihoda-polufabrikatov-i-gotovih-izdeliy.html,YES
russian_normative_recipes_v22_5_row_nutrients_part4.xlsx,v15_eggs_late340,USSR82-468,468,Омлет из яичного порошка,Блюда из яиц,III,ING-0030,ING-0030,Маргарин столовый,Маргарин для приготовления,5,verified_primary_net,,NO,https://studopedia.net/6_116761_rashoda-sirya-vihoda-polufabrikatov-i-gotovih-izdeliy.html | https://studopedia.net/6_116762_rashoda-sirya-vihoda-polufabrikatov-i-gotovih-izdeliy.html,YES
russian_normative_recipes_v22_5_row_nutrients_part4.xlsx,v15_eggs_late340,USSR82-468,468,Омлет из яичного порошка,Блюда из яиц,III,ING-0030,ING-0030,Маргарин столовый,Маргарин при отпуске,5,verified_primary_alternative,service_fat,NO,https://studopedia.net/6_116761_rashoda-sirya-vihoda-polufabrikatov-i-gotovih-izdeliy.html | https://studopedia.net/6_116762_rashoda-sirya-vihoda-polufabrikatov-i-gotovih-izdeliy.html,YES
russian_normative_recipes_v22_5_row_nutrients_part4.xlsx,v15_eggs_late340,USSR82-468,468,Омлет из яичного порошка,Блюда из яиц,III,ING-0032,ING-0032,Масло сливочное,Масло сливочное при отпуске,5,verified_primary_alternative,service_fat,NO,https://studopedia.net/6_116761_rashoda-sirya-vihoda-polufabrikatov-i-gotovih-izdeliy.html | https://studopedia.net/6_116762_rashoda-sirya-vihoda-polufabrikatov-i-gotovih-izdeliy.html,YES
russian_normative_recipes_v22_5_row_nutrients_part4.xlsx,v15_eggs_late340,USSR82-468,468,Омлет из яичного порошка,Блюда из яиц,III,ING-0294,ING-0294,Яичный порошок,Яичный порошок,20,verified_primary_net,,NO,https://studopedia.net/6_116761_rashoda-sirya-vihoda-polufabrikatov-i-gotovih-izdeliy.html | https://studopedia.net/6_116762_rashoda-sirya-vihoda-polufabrikatov-i-gotovih-izdeliy.html,YES
russian_normative_recipes_v22_5_row_nutrients_part4.xlsx,v15_eggs_late340,USSR82-469,469,Омлет со шпиком,Блюда из яиц,I,ING-0006,ING-0006,Вода,Вода,20,verified_primary_net,,NO,https://studopedia.net/6_116762_rashoda-sirya-vihoda-polufabrikatov-i-gotovih-izdeliy.html,YES
russian_normative_recipes_v22_5_row_nutrients_part4.xlsx,v15_eggs_late340,USSR82-469,469,Омлет со шпиком,Блюда из яиц,I,ING-0034,ING-0034,"Молоко 3,2%",Молоко,25,verified_primary_net,,NO,https://studopedia.net/6_116762_rashoda-sirya-vihoda-polufabrikatov-i-gotovih-izdeliy.html,YES
russian_normative_recipes_v22_5_row_nutrients_part4.xlsx,v15_eggs_late340,USSR82-469,469,Омлет со шпиком,Блюда из яиц,I,ING-0069,ING-0069,Шпик,Шпик,38,verified_primary_net,,NO,https://studopedia.net/6_116762_rashoda-sirya-vihoda-polufabrikatov-i-gotovih-izdeliy.html,YES
russian_normative_recipes_v22_5_row_nutrients_part4.xlsx,v15_eggs_late340,USSR82-469,469,Омлет со шпиком,Блюда из яиц,I,ING-0071,ING-0071,Яйцо куриное,Яйца,120,verified_primary_alternative,egg_product,NO,https://studopedia.net/6_116762_rashoda-sirya-vihoda-polufabrikatov-i-gotovih-izdeliy.html,YES
russian_normative_recipes_v22_5_row_nutrients_part4.xlsx,v15_eggs_late340,USSR82-469,469,Омлет со шпиком,Блюда из яиц,I,ING-0083,ING-0083,Меланж,Меланж,120,verified_primary_alternative,egg_product,NO,https://studopedia.net/6_116762_rashoda-sirya-vihoda-polufabrikatov-i-gotovih-izdeliy.html,YES
russian_normative_recipes_v22_5_row_nutrients_part4.xlsx,v15_eggs_late340,USSR82-469,469,Омлет со шпиком,Блюда из яиц,II,ING-0006,ING-0006,Вода,Вода,20,verified_primary_net,,NO,https://studopedia.net/6_116762_rashoda-sirya-vihoda-polufabrikatov-i-gotovih-izdeliy.html,YES
russian_normative_recipes_v22_5_row_nutrients_part4.xlsx,v15_eggs_late340,USSR82-469,469,Омлет со шпиком,Блюда из яиц,II,ING-0034,ING-0034,"Молоко 3,2%",Молоко,10,verified_primary_net,,NO,https://studopedia.net/6_116762_rashoda-sirya-vihoda-polufabrikatov-i-gotovih-izdeliy.html,YES
russian_normative_recipes_v22_5_row_nutrients_part4.xlsx,v15_eggs_late340,USSR82-469,469,Омлет со шпиком,Блюда из яиц,II,ING-0069,ING-0069,Шпик,Шпик,29,verified_primary_net,,NO,https://studopedia.net/6_116762_rashoda-sirya-vihoda-polufabrikatov-i-gotovih-izdeliy.html,YES
russian_normative_recipes_v22_5_row_nutrients_part4.xlsx,v15_eggs_late340,USSR82-469,469,Омлет со шпиком,Блюда из яиц,II,ING-0071,ING-0071,Яйцо куриное,Яйца,80,verified_primary_alternative,egg_product,NO,https://studopedia.net/6_116762_rashoda-sirya-vihoda-polufabrikatov-i-gotovih-izdeliy.html,YES
russian_normative_recipes_v22_5_row_nutrients_part4.xlsx,v15_eggs_late340,USSR82-469,469,Омлет со шпиком,Блюда из яиц,II,ING-0083,ING-0083,Меланж,Меланж,80,verified_primary_alternative,egg_product,NO,https://studopedia.net/6_116762_rashoda-sirya-vihoda-polufabrikatov-i-gotovih-izdeliy.html,YES
russian_normative_recipes_v22_5_row_nutrients_part4.xlsx,v15_eggs_late340,USSR82-469,469,Омлет со шпиком,Блюда из яиц,III,ING-0006,ING-0006,Вода,Вода,30,verified_primary_net,,NO,https://studopedia.net/6_116762_rashoda-sirya-vihoda-polufabrikatov-i-gotovih-izdeliy.html,YES
russian_normative_recipes_v22_5_row_nutrients_part4.xlsx,v15_eggs_late340,USSR82-469,469,Омлет со шпиком,Блюда из яиц,III,ING-0069,ING-0069,Шпик,Шпик,26,verified_primary_net,,NO,https://studopedia.net/6_116762_rashoda-sirya-vihoda-polufabrikatov-i-gotovih-izdeliy.html,YES
russian_normative_recipes_v22_5_row_nutrients_part4.xlsx,v15_eggs_late340,USSR82-469,469,Омлет со шпиком,Блюда из яиц,III,ING-0071,ING-0071,Яйцо куриное,Яйца,80,verified_primary_alternative,egg_product,NO,https://studopedia.net/6_116762_rashoda-sirya-vihoda-polufabrikatov-i-gotovih-izdeliy.html,YES
russian_normative_recipes_v22_5_row_nutrients_part4.xlsx,v15_eggs_late340,USSR82-469,469,Омлет со шпиком,Блюда из яиц,III,ING-0083,ING-0083,Меланж,Меланж,80,verified_primary_alternative,egg_product,NO,https://studopedia.net/6_116762_rashoda-sirya-vihoda-polufabrikatov-i-gotovih-izdeliy.html,YES
russian_normative_recipes_v22_5_row_nutrients_part4.xlsx,v15_eggs_late340,USSR82-470,470,Омлет с луком,Блюда из яиц,green-onion,ING-0006,ING-0006,Вода,Вода,45,verified_primary_alternative,liquid,NO,https://studopedia.net/6_116762_rashoda-sirya-vihoda-polufabrikatov-i-gotovih-izdeliy.html,YES
russian_normative_recipes_v22_5_row_nutrients_part4.xlsx,v15_eggs_late340,USSR82-470,470,Омлет с луком,Блюда из яиц,green-onion,ING-0027,ING-0027,Лук зеленый,Лук зеленый,10,verified_primary_net,,NO,https://studopedia.net/6_116762_rashoda-sirya-vihoda-polufabrikatov-i-gotovih-izdeliy.html,YES
russian_normative_recipes_v22_5_row_nutrients_part4.xlsx,v15_eggs_late340,USSR82-470,470,Омлет с луком,Блюда из яиц,green-onion,ING-0030,ING-0030,Маргарин столовый,Маргарин для омлета,10,verified_primary_net,,NO,https://studopedia.net/6_116762_rashoda-sirya-vihoda-polufabrikatov-i-gotovih-izdeliy.html,YES
russian_normative_recipes_v22_5_row_nutrients_part4.xlsx,v15_eggs_late340,USSR82-470,470,Омлет с луком,Блюда из яиц,green-onion,ING-0030,ING-0030,Маргарин столовый,Маргарин при отпуске,5,verified_primary_alternative,service_fat,NO,https://studopedia.net/6_116762_rashoda-sirya-vihoda-polufabrikatov-i-gotovih-izdeliy.html,YES
russian_normative_recipes_v22_5_row_nutrients_part4.xlsx,v15_eggs_late340,USSR82-470,470,Омлет с луком,Блюда из яиц,green-onion,ING-0032,ING-0032,Масло сливочное,Масло сливочное при отпуске,5,verified_primary_alternative,service_fat,NO,https://studopedia.net/6_116762_rashoda-sirya-vihoda-polufabrikatov-i-gotovih-izdeliy.html,YES
russian_normative_recipes_v22_5_row_nutrients_part4.xlsx,v15_eggs_late340,USSR82-470,470,Омлет с луком,Блюда из яиц,green-onion,ING-0034,ING-0034,"Молоко 3,2%",Молоко или вода,45,verified_primary_alternative,liquid,NO,https://studopedia.net/6_116762_rashoda-sirya-vihoda-polufabrikatov-i-gotovih-izdeliy.html,YES
russian_normative_recipes_v22_5_row_nutrients_part4.xlsx,v15_eggs_late340,USSR82-470,470,Омлет с луком,Блюда из яиц,green-onion,ING-0071,ING-0071,Яйцо куриное,Яйца,120,verified_primary_alternative,egg_product,NO,https://studopedia.net/6_116762_rashoda-sirya-vihoda-polufabrikatov-i-gotovih-izdeliy.html,YES
russian_normative_recipes_v22_5_row_nutrients_part4.xlsx,v15_eggs_late340,USSR82-470,470,Омлет с луком,Блюда из яиц,green-onion,ING-0083,ING-0083,Меланж,Меланж,120,verified_primary_alternative,egg_product,NO,https://studopedia.net/6_116762_rashoda-sirya-vihoda-polufabrikatov-i-gotovih-izdeliy.html,YES
russian_normative_recipes_v22_5_row_nutrients_part4.xlsx,v15_eggs_late340,USSR82-470,470,Омлет с луком,Блюда из яиц,rep-onion,ING-0006,ING-0006,Вода,Вода,45,verified_primary_alternative,liquid,NO,https://studopedia.net/6_116762_rashoda-sirya-vihoda-polufabrikatov-i-gotovih-izdeliy.html,YES
russian_normative_recipes_v22_5_row_nutrients_part4.xlsx,v15_eggs_late340,USSR82-470,470,Омлет с луком,Блюда из яиц,rep-onion,ING-0028,ING-0028,Лук репчатый,Лук репчатый,20,verified_primary_net,,NO,https://studopedia.net/6_116762_rashoda-sirya-vihoda-polufabrikatov-i-gotovih-izdeliy.html,YES
russian_normative_recipes_v22_5_row_nutrients_part4.xlsx,v15_eggs_late340,USSR82-470,470,Омлет с луком,Блюда из яиц,rep-onion,ING-0030,ING-0030,Маргарин столовый,Маргарин для лука,3,verified_primary_net,,NO,https://studopedia.net/6_116762_rashoda-sirya-vihoda-polufabrikatov-i-gotovih-izdeliy.html,YES
russian_normative_recipes_v22_5_row_nutrients_part4.xlsx,v15_eggs_late340,USSR82-470,470,Омлет с луком,Блюда из яиц,rep-onion,ING-0030,ING-0030,Маргарин столовый,Маргарин для омлета,10,verified_primary_net,,NO,https://studopedia.net/6_116762_rashoda-sirya-vihoda-polufabrikatov-i-gotovih-izdeliy.html,YES
russian_normative_recipes_v22_5_row_nutrients_part4.xlsx,v15_eggs_late340,USSR82-470,470,Омлет с луком,Блюда из яиц,rep-onion,ING-0030,ING-0030,Маргарин столовый,Маргарин при отпуске,5,verified_primary_alternative,service_fat,NO,https://studopedia.net/6_116762_rashoda-sirya-vihoda-polufabrikatov-i-gotovih-izdeliy.html,YES
russian_normative_recipes_v22_5_row_nutrients_part4.xlsx,v15_eggs_late340,USSR82-470,470,Омлет с луком,Блюда из яиц,rep-onion,ING-0032,ING-0032,Масло сливочное,Масло сливочное при отпуске,5,verified_primary_alternative,service_fat,NO,https://studopedia.net/6_116762_rashoda-sirya-vihoda-polufabrikatov-i-gotovih-izdeliy.html,YES
russian_normative_recipes_v22_5_row_nutrients_part4.xlsx,v15_eggs_late340,USSR82-470,470,Омлет с луком,Блюда из яиц,rep-onion,ING-0034,ING-0034,"Молоко 3,2%",Молоко или вода,45,verified_primary_alternative,liquid,NO,https://studopedia.net/6_116762_rashoda-sirya-vihoda-polufabrikatov-i-gotovih-izdeliy.html,YES
russian_normative_recipes_v22_5_row_nutrients_part4.xlsx,v15_eggs_late340,USSR82-470,470,Омлет с луком,Блюда из яиц,rep-onion,ING-0071,ING-0071,Яйцо куриное,Яйца,120,verified_primary_alternative,egg_product,NO,https://studopedia.net/6_116762_rashoda-sirya-vihoda-polufabrikatov-i-gotovih-izdeliy.html,YES
russian_normative_recipes_v22_5_row_nutrients_part4.xlsx,v15_eggs_late340,USSR82-470,470,Омлет с луком,Блюда из яиц,rep-onion,ING-0083,ING-0083,Меланж,Меланж,120,verified_primary_alternative,egg_product,NO,https://studopedia.net/6_116762_rashoda-sirya-vihoda-polufabrikatov-i-gotovih-izdeliy.html,YES
