canonical_code,basis_grams,kcal,protein_g,fat_g,carbohydrates_g,fiber_g,source_name,source_id,source_version,source_data_type,source_description,energy_nutrient_id,verified_at,estimated
BUCKWHEAT,100,331.600521,11.065340,3.039000,71.130660,4.046000,USDA_FDC,2512378,2026-04-30,Foundation,"Buckwheat, whole grain",2048,2026-09-02T00:00:00Z,
RICE_WHITE,100,369.637321,7.038850,1.033000,80.313150,0.148800,USDA_FDC,2512381,2026-04-30,Foundation,"Rice, white, long grain, unenriched, raw",2048,2026-09-02T00:00:00Z,
RICE_BROWN,100,368.358475,7.253050,3.306000,76.687950,3.021000,USDA_FDC,2512380,2026-04-30,Foundation,"Rice, brown, long grain, unenriched, raw",2048,2026-09-02T00:00:00Z,
OATS_ROLLED,100,378.866123,13.496450,5.890000,68.657550,,USDA_FDC,2346396,2026-04-30,Foundation,"Oats, whole grain, rolled, old fashioned",2048,2026-09-02T00:00:00Z,
MILLET,100,380.606498,10.021770,4.194000,74.446230,2.619000,USDA_FDC,2512379,2026-04-30,Foundation,"Millet, whole grain",2048,2026-09-02T00:00:00Z,
BULGUR,100,349.301723,11.756250,2.421000,75.881750,11.720000,USDA_FDC,2710820,2026-04-30,Foundation,"Bulgur, dry, raw",2048,2026-09-02T00:00:00Z,
BARLEY_PEARLED,100,352.000000,9.910000,1.160000,77.720000,15.600000,USDA_FDC,170284,2018-04,SR Legacy,"Barley, pearled, raw",1008,2026-09-02T00:00:00Z,
PASTA_DRY,100,371.000000,13.040000,1.510000,74.670000,3.200000,USDA_FDC,168927,2018-04,SR Legacy,"Pasta, dry, unenriched",1008,2026-09-02T00:00:00Z,
FLOUR_WHEAT,100,370.000000,12.000000,1.700000,74.600000,3.000000,USDA_FDC,790018,2026-04-30,Foundation,"Flour, wheat, all-purpose, unenriched, unbleached",2048,2026-09-02T00:00:00Z,
FLOUR_WHOLE_WHEAT,100,346.000000,15.100000,2.730000,71.200000,10.600000,USDA_FDC,790085,2026-04-30,Foundation,"Flour, whole wheat, unenriched",2048,2026-09-02T00:00:00Z,
FLOUR_RYE,100,350.962038,8.395200,1.908000,77.161800,13.680000,USDA_FDC,2512375,2026-04-30,Foundation,"Flour, rye",2048,2026-09-02T00:00:00Z,
CORN_FLOUR,100,366.030110,7.562500,4.340000,76.689500,7.038000,USDA_FDC,2710835,2026-04-30,Foundation,"Corn flour, masa harina, white or yellow, dry, raw",2048,2026-09-02T00:00:00Z,
QUINOA,100,368.000000,14.120000,6.070000,64.160000,7.000000,USDA_FDC,168874,2018-04,SR Legacy,"Quinoa, uncooked",1008,2026-09-02T00:00:00Z,
WILD_RICE,100,358.552630,12.787500,1.704000,75.669500,4.260000,USDA_FDC,2710821,2026-04-30,Foundation,"Wild rice, dry, raw",2048,2026-09-02T00:00:00Z,
SUGAR,100,385.000000,0.000000,0.320000,99.600000,,USDA_FDC,746784,2026-04-30,Foundation,"Sugars, granulated",2048,2026-09-02T00:00:00Z,
LENTILS_DRY,100,350.932800,23.568750,1.925000,62.171250,,USDA_FDC,2644283,2026-04-30,Foundation,"Lentils, dry",2048,2026-09-02T00:00:00Z,
CHICKPEAS_DRY,100,371.994690,21.275000,6.274000,60.358000,,USDA_FDC,2644282,2026-04-30,Foundation,"Chickpeas, (garbanzo beans, bengal gram), dry",2048,2026-09-02T00:00:00Z,
WHITE_BEANS_DRY,100,333.000000,23.360000,0.850000,60.270000,15.200000,USDA_FDC,175202,2018-04,SR Legacy,"Beans, white, mature seeds, raw",1008,2026-09-02T00:00:00Z,
BLACK_EYED_PEAS_DRY,100,345.570300,21.225000,2.419000,61.836000,,USDA_FDC,2644284,2026-04-30,Foundation,"Blackeye pea, dry",2048,2026-09-02T00:00:00Z,
BLACK_BEANS_CANNED,100,115.282330,6.912500,1.273000,19.813500,,USDA_FDC,2644285,2026-04-30,Foundation,"Beans, black, canned, sodium added, drained and rinsed",2048,2026-09-02T00:00:00Z,
GREEN_PEAS_CANNED,100,77.798925,4.734375,1.153000,12.707625,,USDA_FDC,2644291,2026-04-30,Foundation,"Peas, green, sweet, canned, sodium added, sugar added, drained and rinsed",2048,2026-09-02T00:00:00Z,
PEANUTS_RAW,100,550.621810,23.205000,43.280000,26.498000,8.014000,USDA_FDC,2515376,2026-04-30,Foundation,"Peanuts, raw",2048,2026-09-02T00:00:00Z,
ALMONDS_RAW,100,583.597022,21.450380,51.090000,20.034620,10.780000,USDA_FDC,2346393,2026-04-30,Foundation,"Nuts, almonds, whole, raw",2048,2026-09-02T00:00:00Z,
WALNUTS_RAW,100,678.664340,14.564400,69.740000,10.909600,5.210000,USDA_FDC,2346394,2026-04-30,Foundation,"Nuts, walnuts, English, halves, raw",2048,2026-09-02T00:00:00Z,
CASHEWS_RAW,100,533.477990,17.442300,38.860000,36.288700,4.104000,USDA_FDC,2515374,2026-04-30,Foundation,"Nuts, cashew nuts, raw",2048,2026-09-02T00:00:00Z,
HAZELNUTS_RAW,100,602.394670,13.493800,53.490000,26.501200,8.410000,USDA_FDC,2515375,2026-04-30,Foundation,"Nuts, hazelnuts or filberts, raw",2048,2026-09-02T00:00:00Z,
SUNFLOWER_SEEDS_RAW,100,570.651000,18.873300,48.440000,24.500700,7.215000,USDA_FDC,2515381,2026-04-30,Foundation,"Seeds, sunflower seed, kernel, raw",2048,2026-09-02T00:00:00Z,
PUMPKIN_SEEDS_RAW,100,514.839170,29.907900,40.030000,18.675100,5.079000,USDA_FDC,2515380,2026-04-30,Foundation,"Seeds, pumpkin seeds (pepitas), raw",2048,2026-09-02T00:00:00Z,
CHIA_SEEDS,100,490.095520,17.013000,32.890000,38.273000,,USDA_FDC,2710819,2026-04-30,Foundation,"Chia seeds, dry, raw",2048,2026-09-02T00:00:00Z,
FLAXSEED_GROUND,100,514.443430,18.035900,37.280000,34.355100,23.130000,USDA_FDC,2262075,2026-04-30,Foundation,"Flaxseed, ground",2048,2026-09-02T00:00:00Z,
POTATO,100,71.575228,1.812500,0.263800,15.962400,,USDA_FDC,2346403,2026-04-30,Foundation,"Potatoes, gold, without skin, raw",2048,2026-09-02T00:00:00Z,
SWEET_POTATO,100,77.357274,1.578125,0.375000,17.327875,,USDA_FDC,2346404,2026-04-30,Foundation,"Sweet potatoes, orange flesh, without skin, raw",2048,2026-09-02T00:00:00Z,
CARROT,100,44.978589,0.941250,0.350600,10.267550,3.095000,USDA_FDC,2258586,2026-04-30,Foundation,"Carrots, mature, raw",2048,2026-09-02T00:00:00Z,
ONION_YELLOW,100,36.000000,0.830000,0.050000,8.610000,1.900000,USDA_FDC,790646,2026-04-30,Foundation,"Onions, yellow, raw",2048,2026-09-02T00:00:00Z,
GARLIC,100,130.000000,6.620000,0.380000,28.200000,2.700000,USDA_FDC,1104647,2026-04-30,Foundation,"Garlic, raw",2048,2026-09-02T00:00:00Z,
CABBAGE_GREEN,100,27.869500,0.961250,0.227500,6.383750,,USDA_FDC,2346407,2026-04-30,Foundation,"Cabbage, green, raw",2048,2026-09-02T00:00:00Z,
BROCCOLI,100,32.000000,2.570000,0.340000,6.270000,2.400000,USDA_FDC,747447,2026-04-30,Foundation,"Broccoli, raw",2048,2026-09-02T00:00:00Z,
CAULIFLOWER,100,22.852378,1.640625,0.237500,4.723075,1.948000,USDA_FDC,2685573,2026-04-30,Foundation,"Cauliflower, raw",2048,2026-09-02T00:00:00Z,
BEET,100,40.965255,1.687500,0.302500,8.787000,3.119000,USDA_FDC,2685576,2026-04-30,Foundation,"Beets, raw",2048,2026-09-02T00:00:00Z,
ZUCCHINI,100,16.000000,0.984375,0.205000,3.270000,0.752500,USDA_FDC,2685568,2026-04-30,Foundation,"Squash, summer, green, zucchini, includes skin, raw",2048,2026-09-02T00:00:00Z,
EGGPLANT,100,22.358565,0.851875,0.120000,5.399325,2.448000,USDA_FDC,2685577,2026-04-30,Foundation,"Eggplant, raw",2048,2026-09-02T00:00:00Z,
TOMATO,100,18.954361,0.695625,0.425000,3.837475,0.970600,USDA_FDC,1999634,2026-04-30,Foundation,"Tomato, roma",2048,2026-09-02T00:00:00Z,
CUCUMBER,100,13.934925,0.625000,0.177500,2.952500,,USDA_FDC,2346406,2026-04-30,Foundation,"Cucumber, with peel, raw",2048,2026-09-02T00:00:00Z,
BELL_PEPPER_RED,100,26.988432,0.895625,0.125600,6.653175,1.158000,USDA_FDC,2258590,2026-04-30,Foundation,"Peppers, bell, red, raw",2048,2026-09-02T00:00:00Z,
CELERY,100,14.832159,0.492188,0.162500,3.316513,,USDA_FDC,2346405,2026-04-30,Foundation,"Celery, raw",2048,2026-09-02T00:00:00Z,
SPINACH,100,21.579698,2.906250,0.604400,2.641350,1.588000,USDA_FDC,1999633,2026-04-30,Foundation,"Spinach, mature",2048,2026-09-02T00:00:00Z,
KALE,100,35.000000,2.920000,1.490000,4.420000,4.100000,USDA_FDC,323505,2026-04-30,Foundation,"Kale, raw",2048,2026-09-02T00:00:00Z,
LETTUCE_ROMAINE,100,17.458340,0.976875,0.071250,4.055575,,USDA_FDC,2346389,2026-04-30,Foundation,"Lettuce, romaine, green, raw",2048,2026-09-02T00:00:00Z,
RADISH,100,19.600450,0.656250,0.083130,4.056820,1.314000,USDA_FDC,2747665,2026-04-30,Foundation,"Radishes, red, raw",2047,2026-09-02T00:00:00Z,
TURNIP,100,33.981600,0.953125,0.118800,7.274975,1.915000,USDA_FDC,2747674,2026-04-30,Foundation,"Turnips, raw",2047,2026-09-02T00:00:00Z,
PARSNIP,100,87.074500,1.265625,0.538100,19.292275,5.351000,USDA_FDC,2747659,2026-04-30,Foundation,"Parsnips, raw",2047,2026-09-02T00:00:00Z,
CORN_SWEET,100,72.857656,2.789375,1.626000,14.689625,2.428000,USDA_FDC,2710826,2026-04-30,Foundation,"Corn, sweet, yellow and white kernels,  fresh, raw",2048,2026-09-02T00:00:00Z,
GREEN_BEANS,100,33.567947,1.968750,0.275000,7.412450,3.011000,USDA_FDC,2346400,2026-04-30,Foundation,"Beans, snap, green, raw",2048,2026-09-02T00:00:00Z,
ASPARAGUS,100,23.529215,1.437500,0.216300,5.101200,1.883000,USDA_FDC,2710823,2026-04-30,Foundation,"Asparagus, green, raw",2048,2026-09-02T00:00:00Z,
MUSHROOM_WHITE,100,24.873259,2.890625,0.370800,4.079375,1.717000,USDA_FDC,1999629,2026-04-30,Foundation,"Mushrooms, white button",2048,2026-09-02T00:00:00Z,
ARUGULA,100,25.907853,1.648750,0.325000,5.368250,2.280000,USDA_FDC,2710822,2026-04-30,Foundation,"Arugula, baby, raw",2048,2026-09-02T00:00:00Z,
PARSLEY,100,36.000000,2.970000,0.790000,6.330000,3.300000,USDA_FDC,170416,2018-04,SR Legacy,"Parsley, fresh",1008,2026-09-02T00:00:00Z,
CILANTRO,100,23.000000,2.130000,0.520000,3.670000,2.800000,USDA_FDC,169997,2018-04,SR Legacy,"Coriander (cilantro) leaves, raw",1008,2026-09-02T00:00:00Z,
DILL_DRIED,100,253.000000,19.960000,4.360000,55.820000,13.600000,USDA_FDC,171322,2018-04,SR Legacy,"Spices, dill weed, dried",1008,2026-09-02T00:00:00Z,
APPLE,100,54.866865,0.132813,0.150000,14.768088,2.109000,USDA_FDC,1750341,2026-04-30,Foundation,"Apples, gala, with skin, raw",2048,2026-09-02T00:00:00Z,
BANANA,100,88.000000,0.740000,0.290000,23.000000,1.700000,USDA_FDC,1105314,2026-04-30,Foundation,"Bananas, ripe and slightly ripe, raw",2048,2026-09-02T00:00:00Z,
ORANGE,100,47.000000,0.910000,0.150000,11.800000,2.000000,USDA_FDC,746771,2026-04-30,Foundation,"Oranges, raw, navels",2048,2026-09-02T00:00:00Z,
MANDARIN,100,55.640145,1.039375,0.457500,13.421825,1.328000,USDA_FDC,2710832,2026-04-30,Foundation,"Mandarin, seedless, peeled, raw",2048,2026-09-02T00:00:00Z,
LEMON,100,29.000000,1.100000,0.300000,9.320000,2.800000,USDA_FDC,167746,2018-04,SR Legacy,"Lemons, raw, without peel",1008,2026-09-02T00:00:00Z,
PEAR,100,57.000000,0.380000,0.160000,15.100000,3.100000,USDA_FDC,746773,2026-04-30,Foundation,"Pears, raw, bartlett",2048,2026-09-02T00:00:00Z,
PEACH,100,42.000000,0.910000,0.270000,10.100000,1.500000,USDA_FDC,325430,2026-04-30,Foundation,"Peaches, yellow, raw",2048,2026-09-02T00:00:00Z,
APRICOT,100,43.479150,0.961250,0.405000,10.238750,1.510000,USDA_FDC,2710815,2026-04-30,Foundation,"Apricot, with skin, raw",2048,2026-09-02T00:00:00Z,
PLUM,100,52.747095,0.578125,0.282500,13.455575,1.346000,USDA_FDC,2710837,2026-04-30,Foundation,"Plum, black, with skin, raw",2048,2026-09-02T00:00:00Z,
GRAPES_RED,100,77.151876,0.914375,0.163800,20.196825,,USDA_FDC,2346412,2026-04-30,Foundation,"Grapes, red, seedless, raw",2048,2026-09-02T00:00:00Z,
STRAWBERRY,100,32.665650,0.640625,0.220000,7.964375,,USDA_FDC,2346409,2026-04-30,Foundation,"Strawberries, raw",2048,2026-09-02T00:00:00Z,
RASPBERRY,100,51.412425,1.008125,0.187500,12.904375,,USDA_FDC,2346410,2026-04-30,Foundation,"Raspberries, raw",2048,2026-09-02T00:00:00Z,
BLUEBERRY,100,57.384621,0.703125,0.306300,14.571775,,USDA_FDC,2346411,2026-04-30,Foundation,"Blueberries, raw",2048,2026-09-02T00:00:00Z,
CHERRY_SWEET,100,63.290775,1.039375,0.192500,16.163125,,USDA_FDC,2346399,2026-04-30,Foundation,"Cherries, sweet, dark red, raw",2048,2026-09-02T00:00:00Z,
PINEAPPLE,100,54.046596,0.460938,0.211300,14.091463,0.934600,USDA_FDC,2346398,2026-04-30,Foundation,"Pineapple, raw",2048,2026-09-02T00:00:00Z,
CHICKEN_BREAST,100,112.202270,22.525000,1.934000,0.000000,,USDA_FDC,2646170,2026-04-30,Foundation,"Chicken, breast, boneless, skinless, raw",2048,2026-09-02T00:00:00Z,
CHICKEN_THIGH,100,149.306475,18.612500,7.916000,0.000000,,USDA_FDC,2646171,2026-04-30,Foundation,"Chicken, thigh, boneless, skinless, raw",2048,2026-09-02T00:00:00Z,
TURKEY_GROUND_93,100,157.589700,17.343750,9.591000,0.000000,,USDA_FDC,2514747,2026-04-30,Foundation,"Turkey, ground, 93% lean/ 7% fat, raw",2048,2026-09-02T00:00:00Z,
BEEF_GROUND_90,100,190.134819,18.156250,12.850000,0.000000,,USDA_FDC,2514743,2026-04-30,Foundation,"Beef, ground, 90% lean meat / 10% fat, raw",2048,2026-09-02T00:00:00Z,
BEEF_TOP_ROUND,100,146.436550,21.475000,5.703000,0.852000,,USDA_FDC,2646173,2026-04-30,Foundation,"Beef, round, top round, boneless, choice, raw",2048,2026-09-02T00:00:00Z,
PORK_LOIN,100,173.723070,21.118750,9.469000,0.000000,,USDA_FDC,2646168,2026-04-30,Foundation,"Pork, loin, boneless, raw",2048,2026-09-02T00:00:00Z,
PORK_TENDERLOIN,100,125.021170,21.581250,3.899000,0.000000,,USDA_FDC,2646169,2026-04-30,Foundation,"Pork, loin, tenderloin, boneless, raw",2048,2026-09-02T00:00:00Z,
EGG,100,147.000000,12.400000,9.960000,0.960000,0.000000,USDA_FDC,748967,2026-04-30,Foundation,"Eggs, Grade A, Large, egg whole",2048,2026-09-02T00:00:00Z,
SALMON_ATLANTIC,100,203.106320,20.318750,13.110000,0.000000,,USDA_FDC,2684441,2026-04-30,Foundation,"Fish, salmon, Atlantic, farm raised, raw",2048,2026-09-02T00:00:00Z,
COD_ATLANTIC,100,70.477065,16.068750,0.667500,0.000000,,USDA_FDC,2684444,2026-04-30,Foundation,"Fish, cod, Atlantic, wild caught, raw",2048,2026-09-02T00:00:00Z,
POLLOCK_ALASKA,100,78.478500,17.330000,0.992500,0.056500,0.000000,USDA_FDC,2768188,2026-04-30,Foundation,"Alaska Pollock, raw",2047,2026-09-02T00:00:00Z,
TUNA_CANNED_WATER,100,90.000000,19.000000,0.940000,0.080000,,USDA_FDC,334194,2026-04-30,Foundation,"Fish, tuna, light, canned in water, drained solids",2048,2026-09-02T00:00:00Z,
SHRIMP_RAW,100,75.699433,15.568750,0.801300,0.484950,,USDA_FDC,2684443,2026-04-30,Foundation,"Crustaceans, shrimp, farm raised, raw",2048,2026-09-02T00:00:00Z,
TILAPIA_RAW,100,99.957270,19.000000,2.479000,0.000000,,USDA_FDC,2684442,2026-04-30,Foundation,"Fish, tilapia, farm raised, raw",2048,2026-09-02T00:00:00Z,
MILK_WHOLE,100,60.000000,3.270000,3.200000,4.630000,,USDA_FDC,746782,2026-04-30,Foundation,"Milk, whole, 3.25% milkfat, with added vitamin D",2048,2026-09-02T00:00:00Z,
MILK_2,100,50.000000,3.360000,1.900000,4.900000,,USDA_FDC,746778,2026-04-30,Foundation,"Milk, reduced fat, fluid, 2% milkfat, with added vitamin A and vitamin D",2048,2026-09-02T00:00:00Z,
YOGURT_PLAIN_WHOLE,100,77.318546,3.824172,4.484000,5.574928,,USDA_FDC,2259793,2026-04-30,Foundation,"Yogurt, plain, whole milk",2048,2026-09-02T00:00:00Z,
YOGURT_GREEK_NONFAT,100,61.000000,10.300000,0.370000,3.640000,,USDA_FDC,330137,2026-04-30,Foundation,"Yogurt, Greek, plain, nonfat",2048,2026-09-02T00:00:00Z,
COTTAGE_CHEESE_FULL_FAT,100,104.574374,11.624360,4.225000,4.599640,,USDA_FDC,2346384,2026-04-30,Foundation,"Cottage cheese, full fat, large or small curd",2048,2026-09-02T00:00:00Z,
CHEESE_CHEDDAR,100,408.000000,23.300000,34.000000,2.440000,,USDA_FDC,328637,2026-04-30,Foundation,"Cheese, cheddar",2048,2026-09-02T00:00:00Z,
SOUR_CREAM_FULL_FAT,100,192.743772,3.070694,17.990000,5.555506,,USDA_FDC,2346387,2026-04-30,Foundation,"Cream, sour, full fat",2048,2026-09-02T00:00:00Z,
OLIVE_OIL,100,884.000000,0.000000,100.000000,0.000000,0.000000,USDA_FDC,171413,2018-04,SR Legacy,"Oil, olive, salad or cooking",1008,2026-09-02T00:00:00Z,
SUNFLOWER_OIL,100,884.000000,0.000000,100.000000,0.000000,0.000000,USDA_FDC,171025,2018-04,SR Legacy,"Oil, sunflower, linoleic, (approx. 65%)",1008,2026-09-02T00:00:00Z,
BUTTER_UNSALTED,100,717.000000,0.850000,81.110000,0.060000,0.000000,USDA_FDC,173430,2018-04,SR Legacy,"Butter, without salt",1008,2026-09-02T00:00:00Z,
SALT,100,0.000000,0.000000,0.000000,0.000000,0.000000,USDA_FDC,173468,2018-04,SR Legacy,"Salt, table",1008,2026-09-02T00:00:00Z,
BLACK_PEPPER,100,251.000000,10.390000,3.260000,63.950000,25.300000,USDA_FDC,170931,2018-04,SR Legacy,"Spices, pepper, black",1008,2026-09-02T00:00:00Z,
AGAVE_SYRUP,100,310.000000,0.090000,0.450000,76.370000,0.200000,USDA_FDC,170277,2018-04,SR Legacy,"Sweetener, syrup, agave",1008,2026-09-04T00:00:00Z,
ANCHO_CHILI_POWDER,100,281.000000,11.860000,8.200000,51.420000,21.600000,USDA_FDC,169396,2018-04,SR Legacy,"Peppers, ancho, dried",1008,2026-09-04T00:00:00Z,
APPLE_CIDER_VINEGAR,100,21.000000,0.000000,0.000000,0.930000,0.000000,USDA_FDC,173469,2018-04,SR Legacy,"Vinegar, cider",1008,2026-09-04T00:00:00Z,
BAKING_POWDER,100,53.000000,0.000000,0.000000,27.700000,0.200000,USDA_FDC,172803,2018-04,SR Legacy,"Leavening agents, baking powder, double-acting, sodium aluminum sulfate",1008,2026-09-04T00:00:00Z,
BASIL_DRIED,100,233.000000,22.980000,4.070000,47.750000,37.700000,USDA_FDC,171317,2018-04,SR Legacy,"Spices, basil, dried",1008,2026-09-04T00:00:00Z,
BAY_LEAF,100,313.000000,7.610000,8.360000,74.970000,26.300000,USDA_FDC,170917,2018-04,SR Legacy,"Spices, bay leaf",1008,2026-09-04T00:00:00Z,
BEEF_BROTH_LOW_SODIUM,100,6.000000,1.140000,0.070000,0.200000,0.000000,USDA_FDC,172889,2018-04,SR Legacy,"Soup, beef broth, less/reduced sodium, ready to serve",1008,2026-09-04T00:00:00Z,
BEEF_SHOULDER,100,123.000000,21.640000,4.090000,0.000000,0.000000,USDA_FDC,169480,2018-04,SR Legacy,"Beef, shoulder pot roast or steak, boneless, separable lean only, trimmed to 0"" fat, all grades, raw",1008,2026-09-04T00:00:00Z,
BELL_PEPPER_GREEN,100,19.692148,0.715000,0.106300,4.778100,0.941900,USDA_FDC,2258588,2026-04-30,Foundation,"Peppers, bell, green, raw",2048,2026-09-04T00:00:00Z,
BREAD_WHOLE_WHEAT,100,252.000000,12.450000,3.500000,42.710000,6.000000,USDA_FDC,172688,2018-04,SR Legacy,"Bread, whole-wheat, commercially prepared",1008,2026-09-04T00:00:00Z,
BREADCRUMBS,100,395.000000,13.350000,5.300000,71.980000,4.500000,USDA_FDC,174928,2018-04,SR Legacy,"Bread, crumbs, dry, grated, plain",1008,2026-09-04T00:00:00Z,
BROWN_SUGAR,100,380.000000,0.120000,0.000000,98.090000,0.000000,USDA_FDC,168833,2018-04,SR Legacy,"Sugars, brown",1008,2026-09-04T00:00:00Z,
BUTTERNUT_SQUASH,100,41.716522,1.148750,0.167500,10.507450,1.959000,USDA_FDC,2685570,2026-04-30,Foundation,"Squash, winter, butternut, raw",2048,2026-09-04T00:00:00Z,
CABBAGE_RED,100,29.943836,1.242500,0.213800,6.789900,,USDA_FDC,2346408,2026-04-30,Foundation,"Cabbage, red, raw",2048,2026-09-04T00:00:00Z,
CANOLA_OIL,100,884.000000,0.000000,100.000000,0.000000,0.000000,USDA_FDC,172336,2018-04,SR Legacy,"Oil, canola",1008,2026-09-04T00:00:00Z,
CHEESE_CHEDDAR_REDUCED_FAT,100,316.000000,27.350000,20.410000,2.670000,0.000000,USDA_FDC,171292,2018-04,SR Legacy,"Cheese, cheddar, reduced fat (Includes foods for USDA's Food Distribution Program)",1008,2026-09-04T00:00:00Z,
CHEESE_MOZZARELLA_PART_SKIM,100,298.000000,23.700000,20.400000,4.440000,,USDA_FDC,329370,2026-04-30,Foundation,"Cheese, mozzarella, low moisture, part-skim",2048,2026-09-04T00:00:00Z,
CHICKEN_BREAST_COOKED,100,166.000000,32.100000,3.240000,0.000000,,USDA_FDC,331960,2026-04-30,Foundation,"Chicken, broiler or fryers, breast, skinless, boneless, meat only, cooked, braised",2048,2026-09-04T00:00:00Z,
CHICKEN_BROTH_LOW_SODIUM,100,7.000000,1.360000,0.000000,0.380000,0.000000,USDA_FDC,172888,2018-04,SR Legacy,"Soup, chicken broth, less/reduced sodium, ready to serve",1008,2026-09-04T00:00:00Z,
CHILI_POWDER,100,282.000000,13.460000,14.280000,49.700000,34.800000,USDA_FDC,171319,2018-04,SR Legacy,"Spices, chili powder",1008,2026-09-04T00:00:00Z,
CINNAMON_GROUND,100,247.000000,3.990000,1.240000,80.590000,53.100000,USDA_FDC,171320,2018-04,SR Legacy,"Spices, cinnamon, ground",1008,2026-09-04T00:00:00Z,
COCONUT_SHREDDED,100,660.000000,6.880000,64.530000,23.650000,16.300000,USDA_FDC,170170,2018-04,SR Legacy,"Nuts, coconut meat, dried (desiccated), not sweetened",1008,2026-09-04T00:00:00Z,
CORIANDER_SEED,100,298.000000,12.370000,17.770000,54.990000,41.900000,USDA_FDC,170922,2018-04,SR Legacy,"Spices, coriander seed",1008,2026-09-04T00:00:00Z,
CORN_CREAM_STYLE_NO_SALT,100,72.000000,1.740000,0.420000,18.130000,1.200000,USDA_FDC,169346,2018-04,SR Legacy,"Corn, sweet, yellow, canned, cream style, no salt added",1008,2026-09-04T00:00:00Z,
CORNMEAL_WHOLE_GRAIN,100,362.000000,8.120000,3.590000,76.890000,7.300000,USDA_FDC,169750,2018-04,SR Legacy,"Cornmeal, whole-grain, white",1008,2026-09-04T00:00:00Z,
CORNSTARCH,100,381.000000,0.260000,0.050000,91.270000,0.900000,USDA_FDC,169698,2018-04,SR Legacy,Cornstarch,1008,2026-09-04T00:00:00Z,
CRANBERRIES_DRIED,100,308.000000,0.170000,1.090000,82.800000,5.300000,USDA_FDC,171723,2018-04,SR Legacy,"Cranberries, dried, sweetened (Includes foods for USDA's Food Distribution Program)",1008,2026-09-04T00:00:00Z,
CUMIN_GROUND,100,375.000000,17.810000,22.270000,44.240000,10.500000,USDA_FDC,170923,2018-04,SR Legacy,"Spices, cumin seed",1008,2026-09-04T00:00:00Z,
CURRY_POWDER,100,325.000000,14.290000,14.010000,55.830000,53.200000,USDA_FDC,170924,2018-04,SR Legacy,"Spices, curry powder",1008,2026-09-04T00:00:00Z,
EDAMAME_FROZEN,100,109.000000,11.220000,4.730000,7.610000,4.800000,USDA_FDC,168410,2018-04,SR Legacy,"Edamame, frozen, unprepared",1008,2026-09-04T00:00:00Z,
EGG_WHITE,100,55.000000,10.700000,0.000000,2.360000,,USDA_FDC,747997,2026-04-30,Foundation,"Eggs, Grade A, Large, egg white",2048,2026-09-04T00:00:00Z,
GARLIC_POWDER,100,331.000000,16.550000,0.730000,72.730000,9.000000,USDA_FDC,171325,2018-04,SR Legacy,"Spices, garlic powder",1008,2026-09-04T00:00:00Z,
GINGER,100,80.000000,1.820000,0.750000,17.770000,2.000000,USDA_FDC,169231,2018-04,SR Legacy,"Ginger root, raw",1008,2026-09-04T00:00:00Z,
GREEN_BEANS_CANNED_NO_SALT,100,15.000000,0.800000,0.100000,3.500000,1.500000,USDA_FDC,168502,2018-04,SR Legacy,"Beans, snap, green, canned, no salt added, solids and liquids",1008,2026-09-04T00:00:00Z,
GREEN_ONION,100,32.000000,1.830000,0.190000,7.340000,2.600000,USDA_FDC,170005,2018-04,SR Legacy,"Onions, spring or scallions (includes tops and bulb), raw",1008,2026-09-04T00:00:00Z,
HONEY,100,304.000000,0.300000,0.000000,82.400000,0.200000,USDA_FDC,169640,2018-04,SR Legacy,Honey,1008,2026-09-04T00:00:00Z,
HOT_SAUCE,100,11.000000,0.510000,0.370000,1.750000,0.300000,USDA_FDC,174527,2018-04,SR Legacy,"Sauce, ready-to-serve, pepper or hot",1008,2026-09-04T00:00:00Z,
JALAPENO,100,24.126400,0.621125,0.148800,5.075675,1.725000,USDA_FDC,2747661,2026-04-30,Foundation,"Peppers, jalapeno, seeded, raw",2047,2026-09-04T00:00:00Z,
KIDNEY_BEANS_CANNED_LOW_SODIUM,100,81.000000,5.220000,0.360000,14.830000,5.300000,USDA_FDC,175245,2018-04,SR Legacy,"Beans, kidney, red, mature seeds, canned, solids and liquid, low sodium",1008,2026-09-04T00:00:00Z,
LIME_JUICE,100,25.000000,0.420000,0.070000,8.420000,0.400000,USDA_FDC,168156,2018-04,SR Legacy,"Lime juice, raw",1008,2026-09-04T00:00:00Z,
LIME,100,30.000000,0.700000,0.200000,10.540000,2.800000,USDA_FDC,168155,2018-04,SR Legacy,"Limes, raw",1008,2026-09-04T00:00:00Z,
MARGARINE,100,717.000000,0.160000,80.710000,0.700000,0.000000,USDA_FDC,173587,2018-04,SR Legacy,"Margarine, 80% fat, stick, includes regular and hydrogenated corn and soybean oils",1008,2026-09-04T00:00:00Z,
MAYONNAISE_LOW_FAT,100,361.000000,0.370000,40.000000,0.000000,0.000000,USDA_FDC,171443,2018-04,SR Legacy,"Mayonnaise, reduced fat, with olive oil",1008,2026-09-04T00:00:00Z,
MILK_1_PERCENT,100,43.000000,3.380000,0.950000,5.180000,,USDA_FDC,746772,2026-04-30,Foundation,"Milk, lowfat, fluid, 1% milkfat, with added vitamin A and vitamin D",2048,2026-09-04T00:00:00Z,
MILK_SKIM,100,34.000000,3.430000,0.080000,4.920000,,USDA_FDC,746776,2026-04-30,Foundation,"Milk, nonfat, fluid, with added vitamin A and vitamin D (fat free or skim)",2048,2026-09-04T00:00:00Z,
MINT_FRESH,100,44.000000,3.290000,0.730000,8.410000,6.800000,USDA_FDC,173475,2018-04,SR Legacy,"Spearmint, fresh",1008,2026-09-04T00:00:00Z,
MUSTARD_GROUND,100,508.000000,26.080000,36.240000,28.090000,12.200000,USDA_FDC,170929,2018-04,SR Legacy,"Spices, mustard seed, ground",1008,2026-09-04T00:00:00Z,
MUSTARD_YELLOW,100,61.000000,4.250000,3.380000,5.300000,4.300000,USDA_FDC,326698,2026-04-30,Foundation,"Mustard, prepared, yellow",2048,2026-09-04T00:00:00Z,
NUTMEG_GROUND,100,525.000000,5.840000,36.310000,49.290000,20.800000,USDA_FDC,171326,2018-04,SR Legacy,"Spices, nutmeg, ground",1008,2026-09-04T00:00:00Z,
ONION_POWDER,100,341.000000,10.410000,1.040000,79.120000,15.200000,USDA_FDC,171327,2018-04,SR Legacy,"Spices, onion powder",1008,2026-09-04T00:00:00Z,
ONION_RED,100,42.000000,0.940000,0.100000,9.930000,2.200000,USDA_FDC,790577,2026-04-30,Foundation,"Onions, red, raw",2048,2026-09-04T00:00:00Z,
ORANGE_JUICE_CONCENTRATE,100,148.000000,2.400000,0.250000,35.190000,1.000000,USDA_FDC,169923,2018-04,SR Legacy,"Orange juice, frozen concentrate, unsweetened, undiluted",1008,2026-09-04T00:00:00Z,
OREGANO_DRIED,100,265.000000,9.000000,4.280000,68.920000,42.500000,USDA_FDC,171328,2018-04,SR Legacy,"Spices, oregano, dried",1008,2026-09-04T00:00:00Z,
PAPRIKA,100,282.000000,14.140000,12.890000,53.990000,34.900000,USDA_FDC,171329,2018-04,SR Legacy,"Spices, paprika",1008,2026-09-04T00:00:00Z,
PARSLEY_DRIED,100,292.000000,26.630000,5.480000,50.640000,26.700000,USDA_FDC,170930,2018-04,SR Legacy,"Spices, parsley, dried",1008,2026-09-04T00:00:00Z,
PASTA_WHOLE_WHEAT,100,352.000000,13.870000,2.930000,73.370000,9.200000,USDA_FDC,169738,2018-04,SR Legacy,"Pasta, whole-wheat, dry (Includes foods for USDA's Food Distribution Program)",1008,2026-09-04T00:00:00Z,
PIMIENTO_CANNED,100,23.000000,1.100000,0.300000,5.100000,1.900000,USDA_FDC,168559,2018-04,SR Legacy,"Pimento, canned",1008,2026-09-04T00:00:00Z,
PINEAPPLE_CANNED_JUICE,100,60.000000,0.420000,0.080000,15.700000,0.800000,USDA_FDC,169126,2018-04,SR Legacy,"Pineapple, canned, juice pack, solids and liquids",1008,2026-09-04T00:00:00Z,
PINTO_BEANS_CANNED_LOW_SODIUM,100,82.000000,4.600000,0.560000,15.180000,4.600000,USDA_FDC,175247,2018-04,SR Legacy,"Beans, pinto, mature seeds, canned, solids and liquids, low sodium",1008,2026-09-04T00:00:00Z,
POTATO_RED,100,73.373425,2.062500,0.247500,16.270000,,USDA_FDC,2346402,2026-04-30,Foundation,"Potatoes, red, without skin, raw",2048,2026-09-04T00:00:00Z,
RAISINS_GOLDEN,100,301.000000,3.280000,0.200000,80.020000,3.300000,USDA_FDC,168164,2018-04,SR Legacy,"Raisins, golden, seedless",1008,2026-09-04T00:00:00Z,
RED_PEPPER_FLAKES,100,318.000000,12.010000,17.270000,56.630000,27.200000,USDA_FDC,170932,2018-04,SR Legacy,"Spices, pepper, red or cayenne",1008,2026-09-04T00:00:00Z,
ROLL_WHOLE_WHEAT,100,266.000000,8.700000,4.700000,51.100000,7.500000,USDA_FDC,172794,2018-04,SR Legacy,"Rolls, dinner, whole-wheat",1008,2026-09-04T00:00:00Z,
ROSEMARY_DRIED,100,331.000000,4.880000,15.220000,64.060000,42.600000,USDA_FDC,171333,2018-04,SR Legacy,"Spices, rosemary, dried",1008,2026-09-04T00:00:00Z,
SALSA,100,29.000000,1.440000,0.190000,6.740000,1.800000,USDA_FDC,746777,2026-04-30,Foundation,"Sauce, salsa, ready-to-serve",2048,2026-09-04T00:00:00Z,
SESAME_OIL,100,884.000000,0.000000,100.000000,0.000000,0.000000,USDA_FDC,171016,2018-04,SR Legacy,"Oil, sesame, salad or cooking",1008,2026-09-04T00:00:00Z,
SESAME_SEEDS,100,565.000000,16.960000,48.000000,25.740000,14.000000,USDA_FDC,170151,2018-04,SR Legacy,"Seeds, sesame seeds, whole, roasted and toasted",1008,2026-09-04T00:00:00Z,
SOUR_CREAM_LOW_FAT,100,181.000000,7.000000,14.100000,7.000000,0.000000,USDA_FDC,173442,2018-04,SR Legacy,"Sour cream, reduced fat",1008,2026-09-04T00:00:00Z,
SOY_SAUCE_LOW_SODIUM,100,57.000000,9.050000,0.300000,5.590000,0.700000,USDA_FDC,172473,2018-04,SR Legacy,"Soy sauce made from soy and wheat (shoyu), low sodium",1008,2026-09-04T00:00:00Z,
THYME_DRIED,100,276.000000,9.110000,7.430000,63.940000,37.000000,USDA_FDC,170938,2018-04,SR Legacy,"Spices, thyme, dried",1008,2026-09-04T00:00:00Z,
TOFU_FIRM,100,78.000000,9.040000,4.170000,2.850000,0.900000,USDA_FDC,172448,2018-04,SR Legacy,"Tofu, firm, prepared with calcium sulfate and magnesium chloride (nigari)",1008,2026-09-04T00:00:00Z,
TOMATO_CANNED_NO_SALT,100,16.000000,0.790000,0.250000,3.470000,1.900000,USDA_FDC,170138,2018-04,SR Legacy,"Tomatoes, red, ripe, canned, packed in tomato juice, no salt added",1008,2026-09-04T00:00:00Z,
TOMATO_CRUSHED,100,32.313665,1.437500,0.397500,7.137000,1.944000,USDA_FDC,2685581,2026-04-30,Foundation,"Tomatoes, crushed, canned",2048,2026-09-04T00:00:00Z,
TOMATO_PASTE_NO_SALT,100,88.534506,4.234375,0.732500,20.188125,4.704000,USDA_FDC,2685580,2026-04-30,Foundation,"Tomato, paste, canned, without salt added",2048,2026-09-04T00:00:00Z,
TORTILLA_WHOLE_WHEAT,100,310.000000,9.760000,9.760000,45.890000,9.800000,USDA_FDC,174081,2018-04,SR Legacy,"Tortillas, ready-to-bake or -fry, whole wheat",1008,2026-09-04T00:00:00Z,
TURKEY_DRUMSTICK_SMOKED_COOKED,100,200.000000,27.900000,9.800000,0.000000,0.000000,USDA_FDC,167710,2018-04,SR Legacy,"Turkey, drumstick, smoked, cooked, with skin, bone removed",1008,2026-09-04T00:00:00Z,
TURMERIC_GROUND,100,312.000000,9.680000,3.250000,67.140000,22.700000,USDA_FDC,172231,2018-04,SR Legacy,"Spices, turmeric, ground",1008,2026-09-04T00:00:00Z,
VANILLA_EXTRACT,100,288.000000,0.060000,0.060000,12.650000,0.000000,USDA_FDC,173471,2018-04,SR Legacy,Vanilla extract,1008,2026-09-04T00:00:00Z,
VEGETABLE_BROTH,100,5.000000,0.240000,0.070000,0.930000,0.000000,USDA_FDC,171583,2018-04,SR Legacy,"Soup, vegetable broth, ready to serve",1008,2026-09-04T00:00:00Z,
VINEGAR_WHITE,100,18.000000,0.000000,0.000000,0.040000,0.000000,USDA_FDC,172237,2018-04,SR Legacy,"Vinegar, distilled",1008,2026-09-04T00:00:00Z,
WATER,100,0.000000,0.000000,0.000000,0.000000,0.000000,USDA_FDC,173647,2018-04,SR Legacy,"Beverages, water, tap, drinking",1008,2026-09-04T00:00:00Z,
YOGURT_GREEK_LOW_FAT,100,73.000000,9.950000,1.920000,3.940000,0.000000,USDA_FDC,170903,2018-04,SR Legacy,"Yogurt, Greek, plain, lowfat",1008,2026-09-04T00:00:00Z,
YOGURT_PLAIN_LOW_FAT,100,63.000000,5.250000,1.550000,7.040000,0.000000,USDA_FDC,170886,2018-04,SR Legacy,"Yogurt, plain, low fat",1008,2026-09-04T00:00:00Z,
