source_recipe_id,source_ingredient_text,normalized_concept,existing_food_ingredient_code,resolution_status,missing_reason
CACFP6-SOUTHWEST-TOFU-SCRAMBLE,"1 cup or 7 oz Quinoa, uncooked",quinoa,QUINOA,RESOLVED_EXISTING,
CACFP6-SOUTHWEST-TOFU-SCRAMBLE,1 ½ cups Water,water,WATER,RESOLVED_EXISTING,
CACFP6-SOUTHWEST-TOFU-SCRAMBLE,1 tsp Olive oil,olive_oil,OLIVE_OIL,RESOLVED_EXISTING,
CACFP6-SOUTHWEST-TOFU-SCRAMBLE,2 ½ cups or 1 lb Firm tofu,tofu_firm,TOFU_FIRM,RESOLVED_EXISTING,
CACFP6-SOUTHWEST-TOFU-SCRAMBLE,"2 tsp Garlic, minced",garlic,GARLIC,RESOLVED_EXISTING,
CACFP6-SOUTHWEST-TOFU-SCRAMBLE,1 tsp Ground cumin,cumin_ground,CUMIN_GROUND,RESOLVED_EXISTING,
CACFP6-SOUTHWEST-TOFU-SCRAMBLE,¼ tsp Red pepper flakes,red_pepper_flakes,RED_PEPPER_FLAKES,RESOLVED_EXISTING,
CACFP6-SOUTHWEST-TOFU-SCRAMBLE,½ tsp Salt,salt,SALT,RESOLVED_EXISTING,
CACFP6-SOUTHWEST-TOFU-SCRAMBLE,¼ tsp Black pepper,black_pepper,BLACK_PEPPER,RESOLVED_EXISTING,
CACFP6-SOUTHWEST-TOFU-SCRAMBLE,½ tsp Curry powder,curry_powder,CURRY_POWDER,RESOLVED_EXISTING,
CACFP6-SOUTHWEST-TOFU-SCRAMBLE,½ tsp Turmeric,turmeric_ground,TURMERIC_GROUND,RESOLVED_EXISTING,
CACFP6-SOUTHWEST-TOFU-SCRAMBLE,"1 cup or 6 oz Fresh red bell pepper, diced",bell_pepper_red,BELL_PEPPER_RED,RESOLVED_EXISTING,
CACFP6-SOUTHWEST-TOFU-SCRAMBLE,"2 cups or 4 oz Fresh green onions, diced, tops and bottoms",green_onion,GREEN_ONION,RESOLVED_EXISTING,
CACFP6-SOUTHWEST-TOFU-SCRAMBLE,"1 qt or 4 oz Fresh spinach, coarsely chopped",spinach,SPINACH,RESOLVED_EXISTING,
CACFP6-SPICED-OATMEAL,"2 ¼ cups Milk, low-fat (1%)",milk_1_percent,MILK_1_PERCENT,RESOLVED_EXISTING,
CACFP6-SPICED-OATMEAL,2 ¼ cups Water,water,WATER,RESOLVED_EXISTING,
CACFP6-SPICED-OATMEAL,"1 Tbsp 1 tsp or 1 oz Margarine, trans-fat free",margarine,MARGARINE,RESOLVED_EXISTING,
CACFP6-SPICED-OATMEAL,2 Tbsp Agave nectar,agave_syrup,AGAVE_SYRUP,RESOLVED_EXISTING,
CACFP6-SPICED-OATMEAL,¼ tsp Vanilla extract,vanilla_extract,VANILLA_EXTRACT,RESOLVED_EXISTING,
CACFP6-SPICED-OATMEAL,⅛ tsp Ground cinnamon,cinnamon_ground,CINNAMON_GROUND,RESOLVED_EXISTING,
CACFP6-SPICED-OATMEAL,⅛ tsp Ground nutmeg,nutmeg_ground,NUTMEG_GROUND,RESOLVED_EXISTING,
CACFP6-SPICED-OATMEAL,¼ tsp Salt,salt,SALT,RESOLVED_EXISTING,
CACFP6-SPICED-OATMEAL,"2 ½ cups or 7 ½ oz Oats, rolled dry",oats_rolled,OATS_ROLLED,RESOLVED_EXISTING,
CACFP6-STRAWBERRY-SMOOTHIE-BOWL,3 cups or 1 lb 8 oz Low-fat Greek yogurt,yogurt_greek_low_fat,YOGURT_GREEK_LOW_FAT,RESOLVED_EXISTING,
CACFP6-STRAWBERRY-SMOOTHIE-BOWL,"1 qt 2 cups or 1 lb 11 oz Frozen strawberries, diced",strawberry,STRAWBERRY,RESOLVED_EXISTING,
CACFP6-STRAWBERRY-SMOOTHIE-BOWL,¼ cup or 3 oz Agave syrup,agave_syrup,AGAVE_SYRUP,RESOLVED_EXISTING,
CACFP6-STRAWBERRY-SMOOTHIE-BOWL,1 ½ tsp Vanilla extract,vanilla_extract,VANILLA_EXTRACT,RESOLVED_EXISTING,
CACFP6-BAKED-SWEET-POTATOES-APPLES,"3 cups or 12 oz Fresh sweet potatoes, diced",sweet_potato,SWEET_POTATO,RESOLVED_EXISTING,
CACFP6-BAKED-SWEET-POTATOES-APPLES,"2 Tbsp or 1 oz Margarine, trans-fat free",margarine,MARGARINE,RESOLVED_EXISTING,
CACFP6-BAKED-SWEET-POTATOES-APPLES,"1 Tbsp or ½ oz Fresh ginger, chopped",ginger,GINGER,RESOLVED_EXISTING,
CACFP6-BAKED-SWEET-POTATOES-APPLES,"½ cup or 3 oz Brown sugar, loosely packed",brown_sugar,BROWN_SUGAR,RESOLVED_EXISTING,
CACFP6-BAKED-SWEET-POTATOES-APPLES,½ tsp Ground cinnamon,cinnamon_ground,CINNAMON_GROUND,RESOLVED_EXISTING,
CACFP6-BAKED-SWEET-POTATOES-APPLES,½ tsp Ground nutmeg,nutmeg_ground,NUTMEG_GROUND,RESOLVED_EXISTING,
CACFP6-BAKED-SWEET-POTATOES-APPLES,¼ tsp Salt,salt,SALT,RESOLVED_EXISTING,
CACFP6-BAKED-SWEET-POTATOES-APPLES,½ tsp Vanilla extract,vanilla_extract,VANILLA_EXTRACT,RESOLVED_EXISTING,
CACFP6-BAKED-SWEET-POTATOES-APPLES,"1 ¼ cups or 7 oz Frozen green apples, thawed, unsweetened",apple,APPLE,RESOLVED_EXISTING,
CACFP6-BAKED-SWEET-POTATOES-APPLES,¼ cup or 2 oz Water; plus 1 ½ tsp water,water,WATER,RESOLVED_EXISTING,
CACFP6-BAKED-SWEET-POTATOES-APPLES,"¼ cup or 2 oz Orange juice concentrate, frozen, thawed",orange_juice_concentrate,ORANGE_JUICE_CONCENTRATE,RESOLVED_EXISTING,
CACFP6-BAKED-SWEET-POTATOES-APPLES,⅓ cup or 1 ¼ oz Dried cranberries or dried raisins (cranberries selected),cranberries_dried,CRANBERRIES_DRIED,RESOLVED_EXISTING,
CACFP6-BAKED-SWEET-POTATOES-APPLES,1 ½ tsp Cornstarch,cornstarch,CORNSTARCH,RESOLVED_EXISTING,
CACFP6-CORN-EDAMAME-BLEND,1 tsp Sesame oil,sesame_oil,SESAME_OIL,RESOLVED_EXISTING,
CACFP6-CORN-EDAMAME-BLEND,"⅔ cup or 3 oz Fresh onions, chopped",onion_yellow,ONION_YELLOW,RESOLVED_EXISTING,
CACFP6-CORN-EDAMAME-BLEND,"2 tsp Garlic, minced",garlic,GARLIC,RESOLVED_EXISTING,
CACFP6-CORN-EDAMAME-BLEND,"⅔ cup or 5 oz Frozen corn, thawed, drained",corn_sweet,CORN_SWEET,RESOLVED_EXISTING,
CACFP6-CORN-EDAMAME-BLEND,"1 cup or 6 oz Frozen edamame, thawed, drained",edamame_frozen,EDAMAME_FROZEN,RESOLVED_EXISTING,
CACFP6-CORN-EDAMAME-BLEND,"1 ½ cups or 6 oz Fresh carrots, shredded",carrot,CARROT,RESOLVED_EXISTING,
CACFP6-CORN-EDAMAME-BLEND,¼ tsp Ground coriander seeds,coriander_seed,CORIANDER_SEED,RESOLVED_EXISTING,
CACFP6-CORN-EDAMAME-BLEND,1 tsp Toasted sesame seeds,sesame_seeds,SESAME_SEEDS,RESOLVED_EXISTING,
CACFP6-CORN-EDAMAME-BLEND,¼ tsp Salt,salt,SALT,RESOLVED_EXISTING,
CACFP6-CORN-EDAMAME-BLEND,"¼ cup or ½ oz Fresh cilantro, chopped",cilantro,CILANTRO,RESOLVED_EXISTING,
CACFP6-LOCAL-HARVEST-BAKE,"2 cups or 8 oz Fresh butternut squash, peeled, cubed",butternut_squash,BUTTERNUT_SQUASH,RESOLVED_EXISTING,
CACFP6-LOCAL-HARVEST-BAKE,"2 cups or 8 oz Fresh beets, peeled, cubed",beet,BEET,RESOLVED_EXISTING,
CACFP6-LOCAL-HARVEST-BAKE,"2 cups or 8 oz Fresh sweet potatoes, peeled, cubed",sweet_potato,SWEET_POTATO,RESOLVED_EXISTING,
CACFP6-LOCAL-HARVEST-BAKE,1 Tbsp Olive oil,olive_oil,OLIVE_OIL,RESOLVED_EXISTING,
CACFP6-LOCAL-HARVEST-BAKE,¼ tsp Kosher salt or iodized salt,salt,SALT,RESOLVED_EXISTING,
CACFP6-LOCAL-HARVEST-BAKE,"¾ tsp Fresh garlic, minced",garlic,GARLIC,RESOLVED_EXISTING,
CACFP6-LOCAL-HARVEST-BAKE,½ tsp Dried parsley (optional),parsley_dried,PARSLEY_DRIED,RESOLVED_EXISTING,
CACFP6-ORANGE-GLAZED-CARROTS,"½ oz or ⅛ cup Margarine, trans-fat free",margarine,MARGARINE,RESOLVED_EXISTING,
CACFP6-ORANGE-GLAZED-CARROTS,"½ cup or 3 ⅛ oz Brown sugar, packed",brown_sugar,BROWN_SUGAR,RESOLVED_EXISTING,
CACFP6-ORANGE-GLAZED-CARROTS,"¼ cup Orange juice concentrate, frozen, thawed",orange_juice_concentrate,ORANGE_JUICE_CONCENTRATE,RESOLVED_EXISTING,
CACFP6-ORANGE-GLAZED-CARROTS,¼ cup Water,water,WATER,RESOLVED_EXISTING,
CACFP6-ORANGE-GLAZED-CARROTS,⅔ tsp Vanilla extract,vanilla_extract,VANILLA_EXTRACT,RESOLVED_EXISTING,
CACFP6-ORANGE-GLAZED-CARROTS,¼ tsp Ground cinnamon,cinnamon_ground,CINNAMON_GROUND,RESOLVED_EXISTING,
CACFP6-ORANGE-GLAZED-CARROTS,¼ tsp Ground nutmeg,nutmeg_ground,NUTMEG_GROUND,RESOLVED_EXISTING,
CACFP6-ORANGE-GLAZED-CARROTS,"3 ⅓ cups or 1 ¼ lb Frozen carrots, thawed, sliced, drained",carrot,CARROT,RESOLVED_EXISTING,
CACFP6-ORANGE-GLAZED-CARROTS,⅓ cup or 2 oz Dried cranberries,cranberries_dried,CRANBERRIES_DRIED,RESOLVED_EXISTING,
CACFP6-ORANGE-GLAZED-CARROTS,"½ cup or 3 oz Canned pineapple tidbits, undrained",pineapple_canned_juice,PINEAPPLE_CANNED_JUICE,RESOLVED_EXISTING,
CACFP6-ORANGE-GLAZED-CARROTS,1 ¼ tsp Cornstarch,cornstarch,CORNSTARCH,RESOLVED_EXISTING,
CACFP6-PIZZA-GREEN-BEANS,"2 cups or 8 ¼ oz Canned no-salt-added diced tomatoes, drained",tomato_canned_no_salt,TOMATO_CANNED_NO_SALT,RESOLVED_EXISTING,
CACFP6-PIZZA-GREEN-BEANS,"1 qt or 1 lb 11 oz Canned no-salt-added green beans, with liquid",green_beans_canned_no_salt,GREEN_BEANS_CANNED_NO_SALT,RESOLVED_EXISTING,
CACFP6-PIZZA-GREEN-BEANS,⅛ cup Dried oregano,oregano_dried,OREGANO_DRIED,RESOLVED_EXISTING,
CACFP6-PIZZA-GREEN-BEANS,"1 ½ tsp Fresh garlic, minced",garlic,GARLIC,RESOLVED_EXISTING,
CACFP6-PIZZA-GREEN-BEANS,⅛ tsp Ground black pepper,black_pepper,BLACK_PEPPER,RESOLVED_EXISTING,
CACFP6-PIZZA-GREEN-BEANS,½ tsp Kosher salt,salt,SALT,RESOLVED_EXISTING,
CACFP6-SAUTEED-SPINACH-TOMATOES,"1 Tbsp Margarine, trans-fat free",margarine,MARGARINE,RESOLVED_EXISTING,
CACFP6-SAUTEED-SPINACH-TOMATOES,"¼ cup or 1 ½ oz Fresh onions, diced",onion_yellow,ONION_YELLOW,RESOLVED_EXISTING,
CACFP6-SAUTEED-SPINACH-TOMATOES,"½ cup or 1 ½ oz Fresh red bell pepper, diced",bell_pepper_red,BELL_PEPPER_RED,RESOLVED_EXISTING,
CACFP6-SAUTEED-SPINACH-TOMATOES,"2 tsp Garlic, minced",garlic,GARLIC,RESOLVED_EXISTING,
CACFP6-SAUTEED-SPINACH-TOMATOES,"2 tsp Fresh ginger, chopped OR ½ tsp ground ginger (fresh selected)",ginger,GINGER,RESOLVED_EXISTING,
CACFP6-SAUTEED-SPINACH-TOMATOES,¼ tsp Red pepper flakes,red_pepper_flakes,RED_PEPPER_FLAKES,RESOLVED_EXISTING,
CACFP6-SAUTEED-SPINACH-TOMATOES,12 oz Fresh spinach leaves,spinach,SPINACH,RESOLVED_EXISTING,
CACFP6-SAUTEED-SPINACH-TOMATOES,2 oz Canned no-salt-added tomato paste,tomato_paste_no_salt,TOMATO_PASTE_NO_SALT,RESOLVED_EXISTING,
CACFP6-SAUTEED-SPINACH-TOMATOES,¼ tsp Salt,salt,SALT,RESOLVED_EXISTING,
CACFP6-SPANISH-RICE,2 Tbsp or ¼ oz Fresh cilantro,cilantro,CILANTRO,RESOLVED_EXISTING,
CACFP6-SPANISH-RICE,"1 cup or 4 oz Fresh onions, chopped",onion_yellow,ONION_YELLOW,RESOLVED_EXISTING,
CACFP6-SPANISH-RICE,"1 cup or 5 ½ oz Fresh green peppers, chopped",bell_pepper_green,BELL_PEPPER_GREEN,RESOLVED_EXISTING,
CACFP6-SPANISH-RICE,"½ tsp Fresh garlic cloves, minced",garlic,GARLIC,RESOLVED_EXISTING,
CACFP6-SPANISH-RICE,2 tsp Canola oil,canola_oil,CANOLA_OIL,RESOLVED_EXISTING,
CACFP6-SPANISH-RICE,"¼ cup or 4 oz Fresh celery, chopped",celery,CELERY,RESOLVED_EXISTING,
CACFP6-SPANISH-RICE,1 ⅓ cups or 5 ½ oz Frozen corn,corn_sweet,CORN_SWEET,RESOLVED_EXISTING,
CACFP6-SPANISH-RICE,½ tsp Salt,salt,SALT,RESOLVED_EXISTING,
CACFP6-SPANISH-RICE,¼ tsp Ground black pepper,black_pepper,BLACK_PEPPER,RESOLVED_EXISTING,
CACFP6-SPANISH-RICE,½ tsp Chili powder,chili_powder,CHILI_POWDER,RESOLVED_EXISTING,
CACFP6-SPANISH-RICE,1 tsp Ground cumin,cumin_ground,CUMIN_GROUND,RESOLVED_EXISTING,
CACFP6-SPANISH-RICE,½ tsp Paprika,paprika,PAPRIKA,RESOLVED_EXISTING,
CACFP6-SPANISH-RICE,⅛ tsp Onion powder,onion_powder,ONION_POWDER,RESOLVED_EXISTING,
CACFP6-SPANISH-RICE,⅛ tsp Cinnamon,cinnamon_ground,CINNAMON_GROUND,RESOLVED_EXISTING,
CACFP6-SPANISH-RICE,¼ tsp Garlic powder,garlic_powder,GARLIC_POWDER,RESOLVED_EXISTING,
CACFP6-SPANISH-RICE,¼ tsp Oregano,oregano_dried,OREGANO_DRIED,RESOLVED_EXISTING,
CACFP6-SPANISH-RICE,1 cup Low-sodium beef broth,beef_broth_low_sodium,BEEF_BROTH_LOW_SODIUM,RESOLVED_EXISTING,
CACFP6-SPANISH-RICE,2 Tbsp or 1 ½ oz Canned no-salt-added tomato paste,tomato_paste_no_salt,TOMATO_PASTE_NO_SALT,RESOLVED_EXISTING,
CACFP6-SPANISH-RICE,"⅓ cup or 2 ½ oz Canned no-salt-added diced tomatoes, undrained",tomato_canned_no_salt,TOMATO_CANNED_NO_SALT,RESOLVED_EXISTING,
CACFP6-SPANISH-RICE,"1 cup or 7 oz Brown rice, long-grain, regular, dry, parboiled",rice_brown,RICE_BROWN,RESOLVED_EXISTING,
CACFP6-SPANISH-RICE,1 cup Water,water,WATER,RESOLVED_EXISTING,
CACFP6-SPANISH-RICE,1 fresh lime OR 1 Tbsp lime juice (juice selected),lime_juice,LIME_JUICE,RESOLVED_EXISTING,
CACFP6-TABBOULEH,"⅓ cup or 3 oz Quinoa, dry",quinoa,QUINOA,RESOLVED_EXISTING,
CACFP6-TABBOULEH,"½ cup or 3 oz Bulgur wheat, dry",bulgur,BULGUR,RESOLVED_EXISTING,
CACFP6-TABBOULEH,1 ⅓ cups or 11 oz Water,water,WATER,RESOLVED_EXISTING,
CACFP6-TABBOULEH,½ tsp Salt,salt,SALT,RESOLVED_EXISTING,
CACFP6-TABBOULEH,"1 ½ cups or 9 ⅓ oz Fresh tomatoes, unpeeled, diced",tomato,TOMATO,RESOLVED_EXISTING,
CACFP6-TABBOULEH,"1 cup or 4 ¾ oz Fresh cucumbers, peeled, seeded, diced",cucumber,CUCUMBER,RESOLVED_EXISTING,
CACFP6-TABBOULEH,"¼ cup or ½ oz Fresh parsley, chopped",parsley,PARSLEY,RESOLVED_EXISTING,
CACFP6-TABBOULEH,"¼ cup or 1 ½ oz Fresh onions, diced",onion_yellow,ONION_YELLOW,RESOLVED_EXISTING,
CACFP6-TABBOULEH,"¼ cup or 1 ¼ oz Fresh red bell peppers, diced",bell_pepper_red,BELL_PEPPER_RED,RESOLVED_EXISTING,
CACFP6-TABBOULEH,"¼ tsp Fresh mint, chopped",mint_fresh,MINT_FRESH,RESOLVED_EXISTING,
CACFP6-TABBOULEH,¼ tsp Ground cumin,cumin_ground,CUMIN_GROUND,RESOLVED_EXISTING,
CACFP6-TABBOULEH,¼ cup or 2 oz Lemon juice,lemon,LEMON,RESOLVED_EXISTING,
CACFP6-TABBOULEH,2 ¼ tsp Olive oil,olive_oil,OLIVE_OIL,RESOLVED_EXISTING,
CACFP6-CHICKEN-FAJITA,"7 oz Frozen chicken strips, cooked, thawed",chicken_breast_cooked,CHICKEN_BREAST_COOKED,RESOLVED_EXISTING,
CACFP6-CHICKEN-FAJITA,½ tsp Ground black or white pepper (black selected),black_pepper,BLACK_PEPPER,RESOLVED_EXISTING,
CACFP6-CHICKEN-FAJITA,½ tsp Garlic powder,garlic_powder,GARLIC_POWDER,RESOLVED_EXISTING,
CACFP6-CHICKEN-FAJITA,1 tsp Chili powder,chili_powder,CHILI_POWDER,RESOLVED_EXISTING,
CACFP6-CHICKEN-FAJITA,1 tsp Ground cumin,cumin_ground,CUMIN_GROUND,RESOLVED_EXISTING,
CACFP6-CHICKEN-FAJITA,¼ tsp Dried oregano,oregano_dried,OREGANO_DRIED,RESOLVED_EXISTING,
CACFP6-CHICKEN-FAJITA,1 Tbsp Ancho chili powder OR Mexican seasoning mix (ancho selected),ancho_chili_powder,ANCHO_CHILI_POWDER,RESOLVED_EXISTING,
CACFP6-CHICKEN-FAJITA,"½ cup or 3 oz Red bell pepper, sliced",bell_pepper_red,BELL_PEPPER_RED,RESOLVED_EXISTING,
CACFP6-CHICKEN-FAJITA,"½ cup or 3 oz Fresh green bell peppers, sliced",bell_pepper_green,BELL_PEPPER_GREEN,RESOLVED_EXISTING,
CACFP6-CHICKEN-FAJITA,"½ cup or 2 oz Fresh onions, sliced",onion_yellow,ONION_YELLOW,RESOLVED_EXISTING,
CACFP6-CHICKEN-FAJITA,"1 ¼ cups or 8 oz Frozen corn, thawed, drained",corn_sweet,CORN_SWEET,RESOLVED_EXISTING,
CACFP6-CHICKEN-FAJITA,"½ cup or 3 ½ oz Canned no-salt-added tomatoes, diced, drained",tomato_canned_no_salt,TOMATO_CANNED_NO_SALT,RESOLVED_EXISTING,
CACFP6-CHICKEN-FAJITA,½ cup or 3 ½ oz Canned low-sodium salsa,salsa_low_sodium,SALSA,RESOLVED_EXISTING,
CACFP6-CHICKEN-FAJITA,1 tsp Sugar,sugar,SUGAR,RESOLVED_EXISTING,
CACFP6-CHICKEN-FAJITA,⅛ cup or 2 Tbsp Canola oil,canola_oil,CANOLA_OIL,RESOLVED_EXISTING,
CACFP6-CHICKEN-FAJITA,¼ tsp Paprika,paprika,PAPRIKA,RESOLVED_EXISTING,
CACFP6-CHICKEN-FAJITA,¼ cup or 2 oz Fresh lime OR ¼ cup fresh lime juice (juice selected),lime_juice,LIME_JUICE,RESOLVED_EXISTING,
CACFP6-CHICKEN-FAJITA,"6 Whole-grain tortillas, 1 oz each",tortilla_whole_wheat,TORTILLA_WHOLE_WHEAT,RESOLVED_EXISTING,
CACFP6-HONEY-LIME-CHICKEN,"1 lb 7 oz Raw chicken thighs, boneless, skinless",chicken_thigh,CHICKEN_THIGH,RESOLVED_EXISTING,
CACFP6-HONEY-LIME-CHICKEN,⅓ cup or 3 ½ oz Honey,honey,HONEY,RESOLVED_EXISTING,
CACFP6-HONEY-LIME-CHICKEN,¼ cup or 2 oz Fresh lime juice,lime_juice,LIME_JUICE,RESOLVED_EXISTING,
CACFP6-HONEY-LIME-CHICKEN,½ tsp Salt,salt,SALT,RESOLVED_EXISTING,
CACFP6-HONEY-LIME-CHICKEN,¼ tsp Ground black or white pepper (black selected),black_pepper,BLACK_PEPPER,RESOLVED_EXISTING,
CACFP6-HONEY-LIME-CHICKEN,⅛ cup Lime zest,lime_zest,LIME,RESOLVED_EXISTING,
CACFP6-RICE-VEGETABLE-CASSEROLE,2 cups Low-sodium chicken broth,chicken_broth_low_sodium,CHICKEN_BROTH_LOW_SODIUM,RESOLVED_EXISTING,
CACFP6-RICE-VEGETABLE-CASSEROLE,"1 cup or 7 oz Brown rice, uncooked, long-grain, regular, dry, parboiled",rice_brown,RICE_BROWN,RESOLVED_EXISTING,
CACFP6-RICE-VEGETABLE-CASSEROLE,"1 Tbsp Margarine, trans-fat free",margarine,MARGARINE,RESOLVED_EXISTING,
CACFP6-RICE-VEGETABLE-CASSEROLE,"¾ cup or 5 oz Fresh onions, diced",onion_yellow,ONION_YELLOW,RESOLVED_EXISTING,
CACFP6-RICE-VEGETABLE-CASSEROLE,"3 cups or 5 oz Fresh mushrooms, sliced",mushroom_white,MUSHROOM_WHITE,RESOLVED_EXISTING,
CACFP6-RICE-VEGETABLE-CASSEROLE,"1 tsp Garlic, minced",garlic,GARLIC,RESOLVED_EXISTING,
CACFP6-RICE-VEGETABLE-CASSEROLE,¼ tsp Salt,salt,SALT,RESOLVED_EXISTING,
CACFP6-RICE-VEGETABLE-CASSEROLE,¼ tsp Ground black pepper,black_pepper,BLACK_PEPPER,RESOLVED_EXISTING,
CACFP6-RICE-VEGETABLE-CASSEROLE,¼ tsp Onion powder,onion_powder,ONION_POWDER,RESOLVED_EXISTING,
CACFP6-RICE-VEGETABLE-CASSEROLE,1 Tbsp and 1 tsp Whole-wheat flour,flour_whole_wheat,FLOUR_WHOLE_WHEAT,RESOLVED_EXISTING,
CACFP6-RICE-VEGETABLE-CASSEROLE,¾ cup or 6 oz Low-fat (1%) milk,milk_1_percent,MILK_1_PERCENT,RESOLVED_EXISTING,
CACFP6-RICE-VEGETABLE-CASSEROLE,"1 qt or 4 oz Fresh kale, finely chopped",kale,KALE,RESOLVED_EXISTING,
CACFP6-RICE-VEGETABLE-CASSEROLE,"1 cup or 4 oz Low-fat cheddar cheese, shredded",cheese_cheddar_reduced_fat,CHEESE_CHEDDAR_REDUCED_FAT,RESOLVED_EXISTING,
CACFP6-RICE-VEGETABLE-CASSEROLE,"¾ cup or 3 oz Low-fat mozzarella cheese, low-moisture, part-skim, shredded",cheese_mozzarella_part_skim,CHEESE_MOZZARELLA_PART_SKIM,RESOLVED_EXISTING,
CACFP6-VEGETABLE-CHILI,1 tsp or ¼ oz Canola oil,canola_oil,CANOLA_OIL,RESOLVED_EXISTING,
CACFP6-VEGETABLE-CHILI,"½ cup or 3 oz Fresh onions, diced",onion_yellow,ONION_YELLOW,RESOLVED_EXISTING,
CACFP6-VEGETABLE-CHILI,"½ cup or 2 oz Fresh green bell peppers, diced",bell_pepper_green,BELL_PEPPER_GREEN,RESOLVED_EXISTING,
CACFP6-VEGETABLE-CHILI,"⅛ cup or ¼ oz Fresh jalapeño peppers, seeded, diced",jalapeno,JALAPENO,RESOLVED_EXISTING,
CACFP6-VEGETABLE-CHILI,¼ cup Chili powder,chili_powder,CHILI_POWDER,RESOLVED_EXISTING,
CACFP6-VEGETABLE-CHILI,⅛ tsp Ground cumin,cumin_ground,CUMIN_GROUND,RESOLVED_EXISTING,
CACFP6-VEGETABLE-CHILI,½ tsp Garlic powder,garlic_powder,GARLIC_POWDER,RESOLVED_EXISTING,
CACFP6-VEGETABLE-CHILI,2 ¼ tsp or ¼ oz Ancho chili powder OR Mexican seasoning mix (ancho selected),ancho_chili_powder,ANCHO_CHILI_POWDER,RESOLVED_EXISTING,
CACFP6-VEGETABLE-CHILI,¼ tsp Onion powder,onion_powder,ONION_POWDER,RESOLVED_EXISTING,
CACFP6-VEGETABLE-CHILI,⅛ tsp Red hot sauce (optional),hot_sauce,HOT_SAUCE,RESOLVED_EXISTING,
CACFP6-VEGETABLE-CHILI,2 tsp or ½ oz Brown sugar,brown_sugar,BROWN_SUGAR,RESOLVED_EXISTING,
CACFP6-VEGETABLE-CHILI,"1 ½ cups or 12 ¼ oz Canned no-salt-added crushed tomatoes, undrained",tomato_crushed_no_salt,TOMATO_CRUSHED,RESOLVED_EXISTING,
CACFP6-VEGETABLE-CHILI,"½ cup or 5 oz Canned no-salt-added diced tomatoes, undrained",tomato_canned_no_salt,TOMATO_CANNED_NO_SALT,RESOLVED_EXISTING,
CACFP6-VEGETABLE-CHILI,"1 ½ cups or 11 oz Canned low-sodium kidney beans OR dry kidney beans, cooked (canned selected)",kidney_beans_canned,KIDNEY_BEANS_CANNED_LOW_SODIUM,RESOLVED_EXISTING,
CACFP6-VEGETABLE-CHILI,"⅓ cup or 2 oz Bulgur wheat, dry",bulgur,BULGUR,RESOLVED_EXISTING,
CACFP6-VEGETABLE-CHILI,¼ cup or 2 oz Low-sodium vegetable broth,vegetable_broth_low_sodium,VEGETABLE_BROTH,RESOLVED_EXISTING,
CACFP6-VEGETABLE-CHILI,⅔ cup or 6 oz Water,water,WATER,RESOLVED_EXISTING,
CACFP6-VEGETABLE-CHILI,¾ cup or 4 oz Low-fat sour cream,sour_cream_low_fat,SOUR_CREAM_LOW_FAT,RESOLVED_EXISTING,
CACFP6-VEGETABLE-FRITTATA,"1 ½ cups or 4 oz Fresh mushrooms, coarsely chopped",mushroom_white,MUSHROOM_WHITE,RESOLVED_EXISTING,
CACFP6-VEGETABLE-FRITTATA,"1 cup or 4 oz Fresh onions, diced",onion_yellow,ONION_YELLOW,RESOLVED_EXISTING,
CACFP6-VEGETABLE-FRITTATA,"1 cup or 4 oz Fresh red bell peppers, diced",bell_pepper_red,BELL_PEPPER_RED,RESOLVED_EXISTING,
CACFP6-VEGETABLE-FRITTATA,½ tsp Salt,salt,SALT,RESOLVED_EXISTING,
CACFP6-VEGETABLE-FRITTATA,¼ tsp Ground black pepper,black_pepper,BLACK_PEPPER,RESOLVED_EXISTING,
CACFP6-VEGETABLE-FRITTATA,"2 cups or 4 oz Fresh spinach, coarsely chopped",spinach,SPINACH,RESOLVED_EXISTING,
CACFP6-VEGETABLE-FRITTATA,"⅓ cup or 1 oz Low-fat cheddar cheese, shredded",cheese_cheddar_reduced_fat,CHEESE_CHEDDAR_REDUCED_FAT,RESOLVED_EXISTING,
CACFP6-VEGETABLE-FRITTATA,¼ cup Skim milk,milk_skim,MILK_SKIM,RESOLVED_EXISTING,
CACFP6-VEGETABLE-FRITTATA,3 eggs or 6 oz Liquid eggs,egg,EGG,RESOLVED_EXISTING,
CACFP6-VEGETABLE-FRITTATA,½ cup or 2 oz Whole-wheat flour,flour_whole_wheat,FLOUR_WHOLE_WHEAT,RESOLVED_EXISTING,
CACFP6-CARROT-RAISIN-SALAD,"⅔ cup or 5 oz Low-fat yogurt, plain",yogurt_plain_low_fat,YOGURT_PLAIN_LOW_FAT,RESOLVED_EXISTING,
CACFP6-CARROT-RAISIN-SALAD,¼ cup or 2 oz Low-fat mayonnaise,mayonnaise_low_fat,MAYONNAISE_LOW_FAT,RESOLVED_EXISTING,
CACFP6-CARROT-RAISIN-SALAD,¼ tsp Salt,salt,SALT,RESOLVED_EXISTING,
CACFP6-CARROT-RAISIN-SALAD,⅛ tsp Ground nutmeg,nutmeg_ground,NUTMEG_GROUND,RESOLVED_EXISTING,
CACFP6-CARROT-RAISIN-SALAD,1 Tbsp plus 1 ½ tsp Apple cider vinegar,apple_cider_vinegar,APPLE_CIDER_VINEGAR,RESOLVED_EXISTING,
CACFP6-CARROT-RAISIN-SALAD,¼ cup or 2 ½ oz Honey,honey,HONEY,RESOLVED_EXISTING,
CACFP6-CARROT-RAISIN-SALAD,"¾ cup or 6 ½ oz Fresh carrots, shredded coarsely",carrot,CARROT,RESOLVED_EXISTING,
CACFP6-CARROT-RAISIN-SALAD,"1 cup or 7 ½ oz Canned pineapple tidbits in 100% juice, drained",pineapple_canned_juice,PINEAPPLE_CANNED_JUICE,RESOLVED_EXISTING,
CACFP6-CARROT-RAISIN-SALAD,"1 cup or 4 oz Fresh green apples, cored, diced, unpeeled",apple,APPLE,RESOLVED_EXISTING,
CACFP6-CARROT-RAISIN-SALAD,1 ¼ cups or 2 ½ oz Golden raisins,raisins_golden,RAISINS_GOLDEN,RESOLVED_EXISTING,
CACFP6-CARROT-RAISIN-SALAD,"¼ cup or ½ oz Coconut, shredded",coconut_shredded,COCONUT_SHREDDED,RESOLVED_EXISTING,
CACFP6-MACARONI-SALAD,2 cups Water,water,WATER,RESOLVED_EXISTING,
CACFP6-MACARONI-SALAD,1 ½ cups or 7 oz Whole-grain elbow macaroni,pasta_whole_wheat,PASTA_WHOLE_WHEAT,RESOLVED_EXISTING,
CACFP6-MACARONI-SALAD,½ cup or 3 oz Low-fat mayonnaise,mayonnaise_low_fat,MAYONNAISE_LOW_FAT,RESOLVED_EXISTING,
CACFP6-MACARONI-SALAD,1 Tbsp or ½ oz White vinegar,vinegar_white,VINEGAR_WHITE,RESOLVED_EXISTING,
CACFP6-MACARONI-SALAD,¼ cup or 2 oz Sugar,sugar,SUGAR,RESOLVED_EXISTING,
CACFP6-MACARONI-SALAD,1 Tbsp or ½ oz Prepared mustard,mustard_yellow,MUSTARD_YELLOW,RESOLVED_EXISTING,
CACFP6-MACARONI-SALAD,"⅓ cup or 2 oz Fresh red bell peppers, diced",bell_pepper_red,BELL_PEPPER_RED,RESOLVED_EXISTING,
CACFP6-MACARONI-SALAD,"⅓ cup or 2 oz Fresh green bell peppers, diced",bell_pepper_green,BELL_PEPPER_GREEN,RESOLVED_EXISTING,
CACFP6-MACARONI-SALAD,"1 Tbsp Canned pimientos, diced, drained",pimiento_canned,PIMIENTO_CANNED,RESOLVED_EXISTING,
CACFP6-MACARONI-SALAD,"½ cup or 2 ½ oz Fresh carrots, finely diced",carrot,CARROT,RESOLVED_EXISTING,
CACFP6-MACARONI-SALAD,"½ cup or 2 oz Fresh celery, diced",celery,CELERY,RESOLVED_EXISTING,
CACFP6-MACARONI-SALAD,"⅓ cup or 1 ½ oz Fresh red onions, diced",onion_red,ONION_RED,RESOLVED_EXISTING,
CACFP6-MACARONI-SALAD,¼ tsp Salt,salt,SALT,RESOLVED_EXISTING,
CACFP6-MACARONI-SALAD,¼ tsp Ground black or white pepper (black selected),black_pepper,BLACK_PEPPER,RESOLVED_EXISTING,
CACFP6-MACARONI-SALAD,¼ tsp Paprika,paprika,PAPRIKA,RESOLVED_EXISTING,
CACFP6-MARINATED-BLACK-BEAN-SALAD,4 Tbsp or 2 oz Lime juice,lime_juice,LIME_JUICE,RESOLVED_EXISTING,
CACFP6-MARINATED-BLACK-BEAN-SALAD,1 tsp Dried parsley,parsley_dried,PARSLEY_DRIED,RESOLVED_EXISTING,
CACFP6-MARINATED-BLACK-BEAN-SALAD,½ tsp Ground cumin,cumin_ground,CUMIN_GROUND,RESOLVED_EXISTING,
CACFP6-MARINATED-BLACK-BEAN-SALAD,1 tsp or ¼ oz Fresh garlic cloves,garlic,GARLIC,RESOLVED_EXISTING,
CACFP6-MARINATED-BLACK-BEAN-SALAD,2 tsp or ⅓ oz Ancho chili powder OR Mexican seasoning mix (ancho selected),ancho_chili_powder,ANCHO_CHILI_POWDER,RESOLVED_EXISTING,
CACFP6-MARINATED-BLACK-BEAN-SALAD,"½ cup or ⅓ oz Fresh cilantro, minced",cilantro,CILANTRO,RESOLVED_EXISTING,
CACFP6-MARINATED-BLACK-BEAN-SALAD,1 tsp or ¼ oz Olive oil,olive_oil,OLIVE_OIL,RESOLVED_EXISTING,
CACFP6-MARINATED-BLACK-BEAN-SALAD,⅛ cup or 2 oz Honey,honey,HONEY,RESOLVED_EXISTING,
CACFP6-MARINATED-BLACK-BEAN-SALAD,¼ cup or 2 oz Apple cider vinegar,apple_cider_vinegar,APPLE_CIDER_VINEGAR,RESOLVED_EXISTING,
CACFP6-MARINATED-BLACK-BEAN-SALAD,"2 cups or 11 ½ oz Canned low-sodium black beans OR dry black beans, cooked (canned selected)",black_beans_canned,BLACK_BEANS_CANNED,RESOLVED_EXISTING,
CACFP6-MARINATED-BLACK-BEAN-SALAD,"1 ½ cups or 8 ⅔ oz Frozen whole-kernel corn, thawed",corn_sweet,CORN_SWEET,RESOLVED_EXISTING,
CACFP6-MARINATED-BLACK-BEAN-SALAD,"⅓ cup or 1 ⅓ oz Fresh green peppers, diced",bell_pepper_green,BELL_PEPPER_GREEN,RESOLVED_EXISTING,
CACFP6-MARINATED-BLACK-BEAN-SALAD,"½ cup or 2 oz Fresh red peppers, diced",bell_pepper_red,BELL_PEPPER_RED,RESOLVED_EXISTING,
CACFP6-MARINATED-BLACK-BEAN-SALAD,⅓ cup or 3 ⅓ oz Canned low-sodium salsa,salsa_low_sodium,SALSA,RESOLVED_EXISTING,
CACFP6-MARINATED-BLACK-BEAN-SALAD,"¼ cup or ½ oz Fresh red onions, diced",onion_red,ONION_RED,RESOLVED_EXISTING,
CACFP6-MARINATED-BLACK-BEAN-SALAD,"¼ cup or ¼ oz Jalapeños, diced, seeded",jalapeno,JALAPENO,RESOLVED_EXISTING,
CACFP6-MARINATED-BLACK-BEAN-SALAD,"½ cup or 2 oz Low-fat cheddar cheese, shredded",cheese_cheddar_reduced_fat,CHEESE_CHEDDAR_REDUCED_FAT,RESOLVED_EXISTING,
CACFP6-QUICHE-SELF-FORMING-CRUST,"1 ⅛ cups or 8 oz Frozen whole eggs, thawed",egg,EGG,RESOLVED_EXISTING,
CACFP6-QUICHE-SELF-FORMING-CRUST,1 ½ cups or 12 oz Nonfat milk,milk_skim,MILK_SKIM,RESOLVED_EXISTING,
CACFP6-QUICHE-SELF-FORMING-CRUST,½ cup or 2 ½ oz Whole-wheat flour,flour_whole_wheat,FLOUR_WHOLE_WHEAT,RESOLVED_EXISTING,
CACFP6-QUICHE-SELF-FORMING-CRUST,¼ tsp Baking powder,baking_powder,BAKING_POWDER,RESOLVED_EXISTING,
CACFP6-QUICHE-SELF-FORMING-CRUST,½ tsp Salt,salt,SALT,RESOLVED_EXISTING,
CACFP6-QUICHE-SELF-FORMING-CRUST,¼ tsp Ground black or white pepper (black selected),black_pepper,BLACK_PEPPER,RESOLVED_EXISTING,
CACFP6-QUICHE-SELF-FORMING-CRUST,⅛ tsp Ground nutmeg,nutmeg_ground,NUTMEG_GROUND,RESOLVED_EXISTING,
CACFP6-QUICHE-SELF-FORMING-CRUST,"2 cups or 8 oz Fresh onions, diced",onion_yellow,ONION_YELLOW,RESOLVED_EXISTING,
CACFP6-QUICHE-SELF-FORMING-CRUST,"2 cups or 8 oz Fresh red bell peppers, diced",bell_pepper_red,BELL_PEPPER_RED,RESOLVED_EXISTING,
CACFP6-QUICHE-SELF-FORMING-CRUST,"2 cups or 2 oz Fresh spinach, chopped",spinach,SPINACH,RESOLVED_EXISTING,
CACFP6-QUICHE-SELF-FORMING-CRUST,"⅓ cup or 1 oz Low-fat cheddar cheese, shredded",cheese_cheddar_reduced_fat,CHEESE_CHEDDAR_REDUCED_FAT,RESOLVED_EXISTING,
CACFP6-ROPA-VIEJA,12 oz Beef shoulder,beef_shoulder,BEEF_SHOULDER,RESOLVED_EXISTING,
CACFP6-ROPA-VIEJA,"5 oz Fresh onions, chopped",onion_yellow,ONION_YELLOW,RESOLVED_EXISTING,
CACFP6-ROPA-VIEJA,"5 oz Fresh red bell peppers, chopped",bell_pepper_red,BELL_PEPPER_RED,RESOLVED_EXISTING,
CACFP6-ROPA-VIEJA,"2 tsp Fresh garlic, minced",garlic,GARLIC,RESOLVED_EXISTING,
CACFP6-ROPA-VIEJA,½ tsp Salt,salt,SALT,RESOLVED_EXISTING,
CACFP6-ROPA-VIEJA,½ tsp Ground oregano,oregano_dried,OREGANO_DRIED,RESOLVED_EXISTING,
CACFP6-ROPA-VIEJA,½ tsp Ground cumin,cumin_ground,CUMIN_GROUND,RESOLVED_EXISTING,
CACFP6-ROPA-VIEJA,"¼ tsp Dried rosemary, crushed",rosemary_dried,ROSEMARY_DRIED,RESOLVED_EXISTING,
CACFP6-ROPA-VIEJA,¼ tsp Ground black pepper,black_pepper,BLACK_PEPPER,RESOLVED_EXISTING,
CACFP6-ROPA-VIEJA,¼ cup Apple cider vinegar,apple_cider_vinegar,APPLE_CIDER_VINEGAR,RESOLVED_EXISTING,
CACFP6-ROPA-VIEJA,1 ½ cups Low-sodium beef broth,beef_broth_low_sodium,BEEF_BROTH_LOW_SODIUM,RESOLVED_EXISTING,
CACFP6-ROPA-VIEJA,⅓ cup or 3 ½ oz Canned no-salt-added tomato paste,tomato_paste_no_salt,TOMATO_PASTE_NO_SALT,RESOLVED_EXISTING,
CACFP6-ROPA-VIEJA,8 oz Water; plus 2 cups water for rice,water,WATER,RESOLVED_EXISTING,
CACFP6-ROPA-VIEJA,1 Bay leaf,bay_leaf,BAY_LEAF,RESOLVED_EXISTING,
CACFP6-ROPA-VIEJA,"½ cup or ½ oz Fresh cilantro, chopped",cilantro,CILANTRO,RESOLVED_EXISTING,
CACFP6-ROPA-VIEJA,"1 ⅛ cups or 7 oz Brown rice, long-grain, regular, dry, parboiled",rice_brown,RICE_BROWN,RESOLVED_EXISTING,
CACFP6-CORN-PUDDING,½ cup plus 2 Tbsp or 3 oz Whole-wheat flour,flour_whole_wheat,FLOUR_WHOLE_WHEAT,RESOLVED_EXISTING,
CACFP6-CORN-PUDDING,¼ cup plus 2 Tbsp or 2 oz White whole-grain cornmeal,cornmeal_whole_grain,CORNMEAL_WHOLE_GRAIN,RESOLVED_EXISTING,
CACFP6-CORN-PUDDING,⅛ cup or 2 Tbsp Sugar,sugar,SUGAR,RESOLVED_EXISTING,
CACFP6-CORN-PUDDING,1 tsp Baking powder,baking_powder,BAKING_POWDER,RESOLVED_EXISTING,
CACFP6-CORN-PUDDING,⅛ tsp Salt,salt,SALT,RESOLVED_EXISTING,
CACFP6-CORN-PUDDING,⅛ tsp Ground black or white pepper (black selected),black_pepper,BLACK_PEPPER,RESOLVED_EXISTING,
CACFP6-CORN-PUDDING,1 medium egg or 1 oz liquid egg,egg,EGG,RESOLVED_EXISTING,
CACFP6-CORN-PUDDING,¼ cup or 2 oz Low-fat sour cream,sour_cream_low_fat,SOUR_CREAM_LOW_FAT,RESOLVED_EXISTING,
CACFP6-CORN-PUDDING,1 Tbsp Canola oil,canola_oil,CANOLA_OIL,RESOLVED_EXISTING,
CACFP6-CORN-PUDDING,"1 cup or 5 ½ oz Frozen corn, thawed, drained",corn_sweet,CORN_SWEET,RESOLVED_EXISTING,
CACFP6-CORN-PUDDING,"½ cup or 5 ½ oz Canned cream-style corn, unsalted",corn_cream_style_no_salt,CORN_CREAM_STYLE_NO_SALT,RESOLVED_EXISTING,
CACFP6-CORN-PUDDING,"¼ cup or 1 oz Fresh onions, chopped",onion_yellow,ONION_YELLOW,RESOLVED_EXISTING,
CACFP6-CREAMY-COLESLAW,"½ cup or 5 oz Low-fat yogurt, plain",yogurt_plain_low_fat,YOGURT_PLAIN_LOW_FAT,RESOLVED_EXISTING,
CACFP6-CREAMY-COLESLAW,¼ cup or 2 oz Low-fat mayonnaise,mayonnaise_low_fat,MAYONNAISE_LOW_FAT,RESOLVED_EXISTING,
CACFP6-CREAMY-COLESLAW,¼ cup or 2 ½ oz Honey,honey,HONEY,RESOLVED_EXISTING,
CACFP6-CREAMY-COLESLAW,⅛ cup Apple cider vinegar,apple_cider_vinegar,APPLE_CIDER_VINEGAR,RESOLVED_EXISTING,
CACFP6-CREAMY-COLESLAW,¼ tsp Salt,salt,SALT,RESOLVED_EXISTING,
CACFP6-CREAMY-COLESLAW,¼ tsp Ground black pepper,black_pepper,BLACK_PEPPER,RESOLVED_EXISTING,
CACFP6-CREAMY-COLESLAW,"4 cups or 6 oz Fresh green cabbage, chilled, shredded",cabbage_green,CABBAGE_GREEN,RESOLVED_EXISTING,
CACFP6-CREAMY-COLESLAW,"¾ cup or 1 ¼ oz Fresh purple cabbage, chilled, shredded",cabbage_red,CABBAGE_RED,RESOLVED_EXISTING,
CACFP6-CREAMY-COLESLAW,"¾ cup or 2 oz Fresh carrots, shredded",carrot,CARROT,RESOLVED_EXISTING,
CACFP6-CREAMY-COLESLAW,"½ cup or 1 oz Fresh green onions, diced",green_onion,GREEN_ONION,RESOLVED_EXISTING,
CACFP6-CREAMY-COLESLAW,½ cup or 2 ¼ oz Dried cranberries,cranberries_dried,CRANBERRIES_DRIED,RESOLVED_EXISTING,
CACFP6-GREEN-BEANS-POTATOES-SMOKED-TURKEY,"¾ cup or 4 oz Smoked turkey legs, deboned",turkey_leg_smoked_cooked,TURKEY_DRUMSTICK_SMOKED_COOKED,RESOLVED_EXISTING,
CACFP6-GREEN-BEANS-POTATOES-SMOKED-TURKEY,2 cups or 16 oz Water,water,WATER,RESOLVED_EXISTING,
CACFP6-GREEN-BEANS-POTATOES-SMOKED-TURKEY,"1 cup or 4 oz Fresh red potatoes, unpeeled, diced",potato_red,POTATO_RED,RESOLVED_EXISTING,
CACFP6-GREEN-BEANS-POTATOES-SMOKED-TURKEY,"1 Tbsp Margarine, trans-fat free",margarine,MARGARINE,RESOLVED_EXISTING,
CACFP6-GREEN-BEANS-POTATOES-SMOKED-TURKEY,"½ cup or 2 oz Fresh onions, chopped",onion_yellow,ONION_YELLOW,RESOLVED_EXISTING,
CACFP6-GREEN-BEANS-POTATOES-SMOKED-TURKEY,"1 ½ tsp Garlic, minced",garlic,GARLIC,RESOLVED_EXISTING,
CACFP6-GREEN-BEANS-POTATOES-SMOKED-TURKEY,⅛ tsp Ground thyme,thyme_dried,THYME_DRIED,RESOLVED_EXISTING,
CACFP6-GREEN-BEANS-POTATOES-SMOKED-TURKEY,⅛ tsp Ground black or white pepper (black selected),black_pepper,BLACK_PEPPER,RESOLVED_EXISTING,
CACFP6-GREEN-BEANS-POTATOES-SMOKED-TURKEY,⅛ tsp Onion powder,onion_powder,ONION_POWDER,RESOLVED_EXISTING,
CACFP6-GREEN-BEANS-POTATOES-SMOKED-TURKEY,"2 ¾ cups or 11 oz Frozen green beans, thawed, drained",green_beans,GREEN_BEANS,RESOLVED_EXISTING,
CACFP6-TUNA-SALAD-SANDWICH,"1 ¼ cups or 11 ½ oz Canned tuna, chunk style, water packed, drained",tuna_canned_water,TUNA_CANNED_WATER,RESOLVED_EXISTING,
CACFP6-TUNA-SALAD-SANDWICH,"¼ cup or 2 oz Fresh onions, chopped",onion_yellow,ONION_YELLOW,RESOLVED_EXISTING,
CACFP6-TUNA-SALAD-SANDWICH,"1 cup or 4 oz Fresh celery, chopped",celery,CELERY,RESOLVED_EXISTING,
CACFP6-TUNA-SALAD-SANDWICH,¼ tsp Dry mustard,mustard_ground,MUSTARD_GROUND,RESOLVED_EXISTING,
CACFP6-TUNA-SALAD-SANDWICH,"1 large egg, hard-boiled, peeled, chilled, chopped",egg,EGG,RESOLVED_EXISTING,
CACFP6-TUNA-SALAD-SANDWICH,½ cup Low-fat mayonnaise,mayonnaise_low_fat,MAYONNAISE_LOW_FAT,RESOLVED_EXISTING,
CACFP6-TUNA-SALAD-SANDWICH,1 tsp Parsley,parsley,PARSLEY,RESOLVED_EXISTING,
CACFP6-TUNA-SALAD-SANDWICH,1 tsp Garlic powder,garlic_powder,GARLIC_POWDER,RESOLVED_EXISTING,
CACFP6-TUNA-SALAD-SANDWICH,1 tsp Onion powder,onion_powder,ONION_POWDER,RESOLVED_EXISTING,
CACFP6-TUNA-SALAD-SANDWICH,"6 small Whole-grain rolls, 1 oz each",roll_whole_wheat,ROLL_WHOLE_WHEAT,RESOLVED_EXISTING,
CACFP6-TUNA-SALAD-SANDWICH,1 small Fresh romaine heart lettuce,lettuce_romaine,LETTUCE_ROMAINE,RESOLVED_EXISTING,
CACFP6-TUNA-SALAD-SANDWICH,"2 medium or 6 oz Fresh tomatoes, sliced",tomato,TOMATO,RESOLVED_EXISTING,
CACFP6-TUSCAN-GRILL-CHEESE,"1 oz Margarine, trans-fat free",margarine,MARGARINE,RESOLVED_EXISTING,
CACFP6-TUSCAN-GRILL-CHEESE,¼ tsp Garlic powder,garlic_powder,GARLIC_POWDER,RESOLVED_EXISTING,
CACFP6-TUSCAN-GRILL-CHEESE,¼ tsp Dried basil,basil_dried,BASIL_DRIED,RESOLVED_EXISTING,
CACFP6-TUSCAN-GRILL-CHEESE,¼ tsp Dried oregano,oregano_dried,OREGANO_DRIED,RESOLVED_EXISTING,
CACFP6-TUSCAN-GRILL-CHEESE,12 slices Whole-grain bread,bread_whole_wheat,BREAD_WHOLE_WHEAT,RESOLVED_EXISTING,
CACFP6-TUSCAN-GRILL-CHEESE,7 oz Low-fat mozzarella cheese,cheese_mozzarella_part_skim,CHEESE_MOZZARELLA_PART_SKIM,RESOLVED_EXISTING,
CACFP6-TUSCAN-GRILL-CHEESE,8 oz Fresh baby spinach leaves,spinach,SPINACH,RESOLVED_EXISTING,
CACFP6-TUSCAN-GRILL-CHEESE,"12 oz Fresh tomatoes, sliced",tomato,TOMATO,RESOLVED_EXISTING,
CACFP6-ASIAN-TUNA-BURGER,"2 ½ cups or 12 oz Canned tuna, chunk style, water packed, drained",tuna_canned_water,TUNA_CANNED_WATER,RESOLVED_EXISTING,
CACFP6-ASIAN-TUNA-BURGER,¼ cup Low-fat mayonnaise,mayonnaise_low_fat,MAYONNAISE_LOW_FAT,RESOLVED_EXISTING,
CACFP6-ASIAN-TUNA-BURGER,"1 tsp Garlic, minced",garlic,GARLIC,RESOLVED_EXISTING,
CACFP6-ASIAN-TUNA-BURGER,"1 tsp Fresh ginger, minced",ginger,GINGER,RESOLVED_EXISTING,
CACFP6-ASIAN-TUNA-BURGER,¾ tsp Low-sodium soy sauce,soy_sauce_low_sodium,SOY_SAUCE_LOW_SODIUM,RESOLVED_EXISTING,
CACFP6-ASIAN-TUNA-BURGER,"½ cup or 1 oz Green onions, tops and bottoms",green_onion,GREEN_ONION,RESOLVED_EXISTING,
CACFP6-ASIAN-TUNA-BURGER,"½ cup or 2 oz Red bell pepper, diced",bell_pepper_red,BELL_PEPPER_RED,RESOLVED_EXISTING,
CACFP6-ASIAN-TUNA-BURGER,1 tsp Sesame oil,sesame_oil,SESAME_OIL,RESOLVED_EXISTING,
CACFP6-ASIAN-TUNA-BURGER,1 tsp Canola oil,canola_oil,CANOLA_OIL,RESOLVED_EXISTING,
CACFP6-ASIAN-TUNA-BURGER,1 ½ Tbsp or 1 oz Egg whites,egg_white,EGG_WHITE,RESOLVED_EXISTING,
CACFP6-ASIAN-TUNA-BURGER,½ cup or 1 ½ oz Panko breadcrumbs,breadcrumbs_panko,BREADCRUMBS,RESOLVED_EXISTING,
CACFP6-ASIAN-TUNA-BURGER,"6 medium Whole-grain buns, 2 oz each",roll_whole_wheat,ROLL_WHOLE_WHEAT,RESOLVED_EXISTING,
CACFP6-ASIAN-TUNA-BURGER,1 small Fresh romaine heart lettuce,lettuce_romaine,LETTUCE_ROMAINE,RESOLVED_EXISTING,
CACFP6-ASIAN-TUNA-BURGER,"2 medium or 9 oz Fresh tomato, sliced",tomato,TOMATO,RESOLVED_EXISTING,
CACFP6-BEAN-BURRITO-BOWL,"3 ½ cups or 1 lb 5 oz Canned low-sodium pinto beans OR dry pinto beans, cooked (canned selected)",pinto_beans_canned,PINTO_BEANS_CANNED_LOW_SODIUM,RESOLVED_EXISTING,
CACFP6-BEAN-BURRITO-BOWL,"¼ cup or 1 oz Fresh onions, chopped",onion_yellow,ONION_YELLOW,RESOLVED_EXISTING,
CACFP6-BEAN-BURRITO-BOWL,¾ tsp Garlic powder,garlic_powder,GARLIC_POWDER,RESOLVED_EXISTING,
CACFP6-BEAN-BURRITO-BOWL,¼ tsp Ground black pepper,black_pepper,BLACK_PEPPER,RESOLVED_EXISTING,
CACFP6-BEAN-BURRITO-BOWL,¾ tsp Chili powder,chili_powder,CHILI_POWDER,RESOLVED_EXISTING,
CACFP6-BEAN-BURRITO-BOWL,1 tsp Ground cumin,cumin_ground,CUMIN_GROUND,RESOLVED_EXISTING,
CACFP6-BEAN-BURRITO-BOWL,¾ tsp Paprika,paprika,PAPRIKA,RESOLVED_EXISTING,
CACFP6-BEAN-BURRITO-BOWL,¾ tsp Onion powder,onion_powder,ONION_POWDER,RESOLVED_EXISTING,
CACFP6-BEAN-BURRITO-BOWL,½ tsp Salt,salt,SALT,RESOLVED_EXISTING,
CACFP6-BEAN-BURRITO-BOWL,1 ⅛ cups water; plus 2 cups water for rice,water,WATER,RESOLVED_EXISTING,
CACFP6-BEAN-BURRITO-BOWL,¼ cup or 3 ½ oz Canned no-salt-added tomato paste,tomato_paste_no_salt,TOMATO_PASTE_NO_SALT,RESOLVED_EXISTING,
CACFP6-BEAN-BURRITO-BOWL,"1 ⅛ cups or 7 oz Brown rice, long-grain, regular, dry, parboiled",rice_brown,RICE_BROWN,RESOLVED_EXISTING,
CACFP6-BEAN-BURRITO-BOWL,"¼ cup or ½ oz Fresh cilantro, finely chopped",cilantro,CILANTRO,RESOLVED_EXISTING,
CACFP6-BEAN-BURRITO-BOWL,Pico de Gallo (authoritative source subrecipe; component lines follow),authoritative_subrecipe_decomposition,,RESOLVED_EXISTING,Composition is explicitly supplied on the same USDA source card; component rows follow.
CACFP6-BEAN-BURRITO-BOWL,"Pico de Gallo: 10 oz Fresh tomatoes, chopped",tomato,TOMATO,RESOLVED_EXISTING,
CACFP6-BEAN-BURRITO-BOWL,"Pico de Gallo: 3 oz Fresh red onions, diced",onion_red,ONION_RED,RESOLVED_EXISTING,
CACFP6-BEAN-BURRITO-BOWL,"Pico de Gallo: 1 oz Fresh jalapeño peppers, seeded, diced",jalapeno,JALAPENO,RESOLVED_EXISTING,
CACFP6-BEAN-BURRITO-BOWL,"Pico de Gallo: ¼ cup or ½ oz Fresh cilantro, finely chopped",cilantro,CILANTRO,RESOLVED_EXISTING,
CACFP6-BEAN-BURRITO-BOWL,"Pico de Gallo: ⅛ cup Fresh green onions, finely chopped",green_onion,GREEN_ONION,RESOLVED_EXISTING,
CACFP6-BEAN-BURRITO-BOWL,Pico de Gallo: ⅛ tsp Salt,salt,SALT,RESOLVED_EXISTING,
CACFP6-BEAN-BURRITO-BOWL,Pico de Gallo: ⅛ tsp Ground black pepper,black_pepper,BLACK_PEPPER,RESOLVED_EXISTING,
CACFP6-BEAN-BURRITO-BOWL,Pico de Gallo: ¾ tsp Garlic powder,garlic_powder,GARLIC_POWDER,RESOLVED_EXISTING,
CACFP6-BEAN-BURRITO-BOWL,"½ cup or 2 oz Reduced-fat cheddar cheese, finely shredded",cheese_cheddar_reduced_fat,CHEESE_CHEDDAR_REDUCED_FAT,RESOLVED_EXISTING,
CACFP6-VEGETABLE-FRITTATA-BITES,"½ cup or 1 oz Fresh white mushrooms, coarsely chopped",mushroom_white,MUSHROOM_WHITE,RESOLVED_EXISTING,
CACFP6-VEGETABLE-FRITTATA-BITES,"½ cup or 2 oz Fresh yellow onions, small diced",onion_yellow,ONION_YELLOW,RESOLVED_EXISTING,
CACFP6-VEGETABLE-FRITTATA-BITES,"½ cup or 2 oz Fresh red bell pepper, small diced",bell_pepper_red,BELL_PEPPER_RED,RESOLVED_EXISTING,
CACFP6-VEGETABLE-FRITTATA-BITES,¼ tsp Salt,salt,SALT,RESOLVED_EXISTING,
CACFP6-VEGETABLE-FRITTATA-BITES,¼ tsp Ground black pepper,black_pepper,BLACK_PEPPER,RESOLVED_EXISTING,
CACFP6-VEGETABLE-FRITTATA-BITES,"1 cup or 1 oz Fresh spinach, coarsely chopped",spinach,SPINACH,RESOLVED_EXISTING,
CACFP6-VEGETABLE-FRITTATA-BITES,"1 cup or 4 oz Low-fat cheddar cheese, shredded",cheese_cheddar_reduced_fat,CHEESE_CHEDDAR_REDUCED_FAT,RESOLVED_EXISTING,
CACFP6-VEGETABLE-FRITTATA-BITES,¼ cup Skim milk,milk_skim,MILK_SKIM,RESOLVED_EXISTING,
CACFP6-VEGETABLE-FRITTATA-BITES,4 eggs or 8 oz Liquid eggs,egg,EGG,RESOLVED_EXISTING,
CACFP6-VEGETABLE-FRITTATA-BITES,¼ cup or 1 oz All-purpose flour,flour_wheat,FLOUR_WHEAT,RESOLVED_EXISTING,
CACFP6-CAULIFLOWER-RICE,"¼ cup or 2 oz Fresh celery, small diced",celery,CELERY,RESOLVED_EXISTING,
CACFP6-CAULIFLOWER-RICE,"¼ cup or 2 oz Fresh yellow onion, small diced",onion_yellow,ONION_YELLOW,RESOLVED_EXISTING,
CACFP6-CAULIFLOWER-RICE,"¼ cup or 2 oz Fresh carrots, small diced",carrot,CARROT,RESOLVED_EXISTING,
CACFP6-CAULIFLOWER-RICE,"¼ cup or 2 oz Fresh red bell pepper, small diced",bell_pepper_red,BELL_PEPPER_RED,RESOLVED_EXISTING,
CACFP6-CAULIFLOWER-RICE,"3 cups Riced cauliflower, thawed, drained",cauliflower,CAULIFLOWER,RESOLVED_EXISTING,
CACFP6-CAULIFLOWER-RICE,1½ tsp Olive oil,olive_oil,OLIVE_OIL,RESOLVED_EXISTING,
CACFP6-CAULIFLOWER-RICE,¼ tsp Salt,salt,SALT,RESOLVED_EXISTING,
CACFP6-CAULIFLOWER-RICE,¼ tsp Granulated garlic,garlic_powder,GARLIC_POWDER,RESOLVED_EXISTING,
CACFP6-CAULIFLOWER-RICE,"½ oz Fresh cilantro, minced",cilantro,CILANTRO,RESOLVED_EXISTING,
